Zip,Inland/Coastal,Pair,Date,Price,TotalWeightedObservations,GMSL_noGIA,StdDevGMSL_noGIA,SmoothedGSML_noGIA,GMSL_GIA,StdDevGMSL_GIA,SmoothedGSML_GIA,SmoothedGSML_GIA_sigremoved,PredPrice
29566.0,0,25,2014-10,149900.0,330350.59,33.92,87.53,30.88,39.2,88.09,36.18,30.96,219598.0831574059
96778.0,1,18,2010-12,182900.0,335600.69,5.79,88.22,6.6,10.17,88.07,10.96,9.85,160288.80701577157
10314.0,1,32,2013-05,374900.0,335043.81,14.71,87.29,16.05,19.7,87.01,21.03,25.07,402086.57461707515
77015.0,1,27,2014-02,104900.0,338113.59,24.61,83.87,23.5,29.73,83.75,28.62,30.22,101800.92550024834
19904.0,0,10,2015-07,189450.0,333000.19,34.99,91.49,35.38,40.49,91.86,40.87,43.04,223942.51997193266
33131.0,1,14,2010-08,299000.0,331431.5,11.25,85.96,10.05,15.56,86.31,14.35,12.1,400196.64879074966
21403.0,1,28,2012-10,399000.0,329162.69,28.22,87.47,27.13,33.04,87.8,31.93,26.71,440129.01388111745
23502.0,0,37,2012-12,175000.0,336879.19,24.69,81.32,25.57,29.54,81.55,30.41,27.94,216903.8527992652
28467.0,0,36,2015-08,189900.0,332274.91,39.06,96.73,39.24,44.62,97.4,44.78,43.81,232600.54816456902
23666.0,0,38,2014-01,169900.0,337416.91,22.25,81.07,22.33,27.36,81.12,27.43,28.28,164380.50226558105
36606.0,0,2,2014-02,94900.0,338113.59,24.61,83.87,23.5,29.73,83.75,28.62,30.22,85984.27544512964
33131.0,1,14,2017-02,479000.0,335132.41,34.62,82.1,34.12,40.48,82.05,39.98,41.66,414002.260584648
77062.0,0,26,2010-10,159900.0,330143.91,14.23,90.22,11.4,18.59,90.42,15.75,10.61,172047.72511062806
33308.0,1,15,2016-04,424950.0,335285.81,37.36,96.32,37.09,43.01,96.17,42.75,45.33,281404.18985751143
96778.0,1,18,2010-07,169250.0,336201.91,10.64,81.92,10.02,14.92,82.0,14.31,15.38,163153.8997500637
28467.0,0,36,2012-06,164995.0,336495.0,13.03,84.35,14.34,17.77,84.35,19.07,23.05,184089.63670487847
39501.0,1,22,2016-10,72500.0,332695.31,38.4,88.32,39.66,44.19,88.83,45.45,40.31,108306.33931947725
29412.0,1,23,2015-05,299000.0,335113.91,27.02,89.37,28.55,32.49,89.43,34.0,37.82,276259.79444191634
93950.0,1,5,2010-02,699000.0,337393.41,13.11,87.3,10.16,17.27,87.21,14.32,15.98,741664.3286598327
93950.0,1,5,2017-06,898500.0,334922.41,34.27,82.66,34.23,40.2,83.08,40.19,43.57,754164.4033521258
23661.0,1,38,2015-03,133500.0,335135.59,28.94,88.54,30.3,34.3,88.6,35.69,37.69,143979.68798764545
77015.0,1,27,2012-10,79900.0,329162.69,28.22,87.47,27.13,33.04,87.8,31.93,26.71,103933.49967979359
19904.0,0,10,2017-04,215000.0,332204.5,34.36,85.64,33.88,40.3,85.58,39.8,43.1,222768.41800421829
93940.0,0,5,2017-02,857000.0,335132.41,34.62,82.1,34.12,40.48,82.05,39.98,41.66,794469.9682795656
19901.0,1,10,2015-07,220000.0,333000.19,34.99,91.49,35.38,40.49,91.86,40.87,43.04,183372.7364495694
33062.0,1,16,2016-10,415000.0,332695.31,38.4,88.32,39.66,44.19,88.83,45.45,40.31,322155.37399822415
11214.0,1,33,2015-08,599000.0,332274.91,39.06,96.73,39.24,44.62,97.4,44.78,43.81,640642.7083855809
23666.0,0,38,2013-02,164900.0,337714.91,21.55,83.92,22.04,26.44,83.57,26.93,28.67,163075.94452367618
29566.0,0,25,2013-02,129900.0,337714.91,21.55,83.92,22.04,26.44,83.57,26.93,28.67,196544.6842040301
99501.0,1,3,2011-01,222450.0,337258.41,4.02,91.83,4.99,8.4,91.72,9.37,10.03,235699.25529336126
29566.0,0,25,2016-07,179250.0,334806.31,35.35,90.1,35.05,41.08,90.16,40.79,43.64,222263.10825872584
21401.0,0,28,2014-09,511000.0,328248.59,30.57,87.45,29.98,35.86,88.04,35.26,30.69,476460.76210291986
94014.0,0,4,2014-01,544475.0,337416.91,22.25,81.07,22.33,27.36,81.12,27.43,28.28,683879.7193288816
19720.0,1,11,2016-07,169900.0,334806.31,35.35,90.1,35.05,41.08,90.16,40.79,43.64,178760.01796515816
23661.0,1,38,2016-10,144900.0,332695.31,38.4,88.32,39.66,44.19,88.83,45.45,40.31,149568.09567143995
33062.0,1,16,2010-11,280000.0,334243.0,10.15,88.19,9.22,14.5,88.34,13.57,10.08,305466.947246935
28467.0,0,36,2011-08,169900.0,329602.81,13.82,83.42,12.2,18.37,83.56,16.75,15.4,185561.923299314
19963.0,1,9,2012-12,189900.0,336879.19,24.69,81.32,25.57,29.54,81.55,30.41,27.94,201345.38266696339
21220.0,1,30,2015-01,170000.0,336854.31,27.07,85.42,28.02,32.39,85.66,33.36,33.87,180919.15226002465
33308.0,1,15,2015-07,375000.0,333000.19,34.99,91.49,35.38,40.49,91.86,40.87,43.04,280004.13423271297
33308.0,1,15,2012-12,329000.0,336879.19,24.69,81.32,25.57,29.54,81.55,30.41,27.94,273919.50430215447
99508.0,0,3,2016-11,229900.0,330627.09,41.62,86.87,40.88,47.43,87.37,46.68,41.89,306920.30593105307
28468.0,1,36,2017-04,299900.0,332204.5,34.36,85.64,33.88,40.3,85.58,39.8,43.1,184073.52651491453
29566.0,0,25,2017-04,175935.0,332204.5,34.36,85.64,33.88,40.3,85.58,39.8,43.1,220418.09088088895
96778.0,1,18,2011-06,199900.0,335755.41,6.28,83.36,5.37,10.77,83.3,9.86,13.64,160578.2699930506
19968.0,1,8,2015-11,294945.0,331748.31,44.24,106.84,44.11,49.8,107.34,49.66,45.36,249278.16826499725
19901.0,1,10,2017-02,189000.0,335132.41,34.62,82.1,34.12,40.48,82.05,39.98,41.66,183154.16236468524
36576.0,0,1,2015-04,183900.0,336179.09,29.89,90.77,29.58,35.32,90.78,35.0,37.85,279466.0071993573
29577.0,1,24,2017-05,159000.0,336082.81,30.03,82.17,32.87,35.98,82.17,38.81,42.83,152503.20901772924
32226.0,1,17,2015-01,237945.0,336854.31,27.07,85.42,28.02,32.39,85.66,33.36,33.87,184934.86491453514
36532.0,1,1,2010-09,275000.0,330917.41,12.23,89.98,10.9,16.53,90.33,15.22,10.46,234955.59872950497
33309.0,0,15,2014-10,120450.0,330350.59,33.92,87.53,30.88,39.2,88.09,36.18,30.96,318579.8080638788
21122.0,1,29,2017-04,319900.0,332204.5,34.36,85.64,33.88,40.3,85.58,39.8,43.1,272655.74355810013
36532.0,1,1,2017-09,370000.0,333942.19,45.5,86.53,44.07,51.54,87.08,50.1,45.28,254609.54414597896
33062.0,1,16,2011-02,285000.0,334478.31,4.76,90.63,4.1,9.12,90.4,8.5,10.02,302282.854496866
77062.0,0,26,2012-02,151000.0,335684.41,14.28,82.89,14.38,18.91,82.74,19.02,20.37,172140.90780647838
28467.0,0,36,2014-05,180000.0,334449.31,16.34,85.26,17.98,21.54,85.24,23.18,27.15,190258.33117017144
33131.0,1,14,2015-07,494999.5,333000.19,34.99,91.49,35.38,40.49,91.86,40.87,43.04,414220.83466953214
36576.0,0,1,2016-04,176900.0,335285.81,37.36,96.32,37.09,43.01,96.17,42.75,45.33,293387.5019593991
10314.0,1,32,2017-08,477000.0,331393.41,41.11,85.58,41.87,47.14,86.26,47.89,45.51,417682.13094394363
93109.0,1,6,2017-08,1370000.0,331393.41,41.11,85.58,41.87,47.14,86.26,47.89,45.51,3026764.7307091933
70126.0,1,21,2015-04,99500.0,336179.09,29.89,90.77,29.58,35.32,90.78,35.0,37.85,196052.59892507765
21122.0,1,29,2017-02,294950.0,335132.41,34.62,82.1,34.12,40.48,82.05,39.98,41.66,272809.336158289
70126.0,1,21,2016-08,124000.0,332246.09,33.93,87.21,35.4,39.68,87.43,41.16,41.18,198439.19163570445
21401.0,0,28,2016-09,510000.0,328624.91,39.43,88.16,37.97,45.21,88.7,43.75,40.52,492972.7358076013
23666.0,0,38,2012-01,159900.0,337542.91,14.75,81.67,13.79,19.37,81.66,18.41,18.69,150403.09788802903
77015.0,1,27,2013-12,105000.0,335779.0,21.23,83.43,22.49,26.34,83.75,27.58,26.81,99804.22169779318
21403.0,1,28,2011-04,404943.5,334905.09,1.92,92.41,1.26,6.37,92.14,5.72,8.69,424592.5316312447
33309.0,0,15,2017-08,190000.0,331393.41,41.11,85.58,41.87,47.14,86.26,47.89,45.51,331979.4797271587
93109.0,1,6,2015-09,1295000.0,330305.91,44.9,102.42,43.21,50.44,103.01,48.76,44.76,3029003.6382273305
36605.0,1,2,2017-09,67900.0,333942.19,45.5,86.53,44.07,51.54,87.08,50.1,45.28,70967.90507354788
33308.0,1,15,2015-05,390000.0,335113.91,27.02,89.37,28.55,32.49,89.43,34.0,37.82,275295.9302961546
23661.0,1,38,2011-09,124900.0,332555.59,15.98,88.9,15.45,20.53,89.29,20.01,15.75,136323.68760900092
93950.0,1,5,2010-06,642450.0,336233.59,11.25,84.38,9.95,15.51,84.35,14.21,17.66,740565.5508277124
33308.0,1,15,2017-05,429500.0,336082.81,30.03,82.17,32.87,35.98,82.17,38.81,42.83,277074.0600137256
21220.0,1,30,2016-09,199949.5,328624.91,39.43,88.16,37.97,45.21,88.7,43.75,40.52,188220.70817669487
19947.0,0,8,2013-11,209550.0,334475.81,25.88,83.02,25.08,30.95,83.35,30.16,27.03,267405.7124813238
19960.0,0,9,2017-05,249500.0,336082.81,30.03,82.17,32.87,35.98,82.17,38.81,42.83,238756.07269153078
70118.0,0,19,2017-07,379500.0,333067.69,36.75,81.64,37.58,42.74,82.02,43.57,44.51,420239.57118763553
33309.0,0,15,2016-12,168900.0,336391.59,44.82,84.89,40.95,50.64,85.11,46.76,44.02,338893.63575925445
10003.0,0,35,2016-05,2000000.0,331491.69,32.76,93.57,33.54,38.44,93.48,39.22,42.81,2433990.848297667
23661.0,1,38,2011-03,124900.0,337186.19,3.34,91.53,2.48,7.78,91.31,6.92,9.0,128856.72427674268
10069.0,1,34,2017-03,2550000.0,334131.81,35.83,87.94,34.9,41.7,87.69,40.79,43.1,2392199.558052379
93940.0,0,5,2014-05,765000.0,334449.31,16.34,85.26,17.98,21.54,85.24,23.18,27.15,760402.3746766788
32218.0,0,17,2016-11,178495.0,330627.09,41.62,86.87,40.88,47.43,87.37,46.68,41.89,242539.34080471494
19702.0,0,11,2010-12,191900.0,335600.69,5.79,88.22,6.6,10.17,88.07,10.96,9.85,164698.44043373433
77015.0,1,27,2017-08,146500.0,331393.41,41.11,85.58,41.87,47.14,86.26,47.89,45.51,111548.1482045411
96778.0,1,18,2011-02,178750.0,334478.31,4.76,90.63,4.1,9.12,90.4,8.5,10.02,159680.34402271576
77505.0,1,7,2017-06,239900.0,334922.41,34.27,82.66,34.23,40.2,83.08,40.19,43.57,189399.66008849823
99501.0,1,3,2016-03,299900.0,333800.41,39.24,96.2,38.9,44.89,96.36,44.53,46.37,256505.14521125169
19960.0,0,9,2011-05,186250.0,336056.19,2.9,87.98,2.17,7.38,87.72,6.65,10.54,188195.1419231326
33145.0,0,13,2014-04,299950.0,334425.31,19.01,84.18,19.65,24.2,84.08,24.83,27.97,432831.0833215397
77015.0,1,27,2016-01,126000.0,334690.41,34.63,99.75,38.42,40.19,100.02,43.99,44.09,107720.14801521886
93108.0,0,6,2015-10,3495000.0,330283.91,45.31,105.73,45.02,50.85,106.3,50.57,45.3,3082952.0891429298
99501.0,1,3,2012-11,280750.0,334026.69,26.73,84.6,26.94,31.54,84.96,31.75,27.13,249114.97817908786
29577.0,1,24,2013-06,129900.0,335316.91,17.24,81.99,16.62,22.22,81.89,21.62,24.81,144947.63456997744
70122.0,1,20,2016-06,209000.0,334297.81,33.78,92.81,33.41,39.44,92.74,39.11,43.13,233301.55031520655
19904.0,0,10,2011-06,173950.0,335755.41,6.28,83.36,5.37,10.77,83.3,9.86,13.64,170437.01601466356
93109.0,1,6,2017-01,1449000.0,334827.59,33.94,81.16,34.55,39.77,81.15,40.38,41.39,3022529.1193886003
77062.0,0,26,2014-07,186000.0,333016.19,24.93,80.02,24.31,30.17,80.14,29.55,30.97,191988.82202260225
33127.0,0,12,2017-04,298000.0,332204.5,34.36,85.64,33.88,40.3,85.58,39.8,43.1,437831.4094296637
28467.0,0,36,2011-02,174900.0,334478.31,4.76,90.63,4.1,9.12,90.4,8.5,10.02,168677.21881123114
21220.0,1,30,2017-02,184950.0,335132.41,34.62,82.1,34.12,40.48,82.05,39.98,41.66,185379.24507320102
21237.0,0,30,2010-01,219250.0,336505.31,8.3,84.67,9.54,12.43,84.58,13.67,14.64,176426.67963553336
70124.0,1,19,2017-02,479000.0,335132.41,34.62,82.1,34.12,40.48,82.05,39.98,41.66,376171.1826864559
19963.0,1,9,2012-10,195000.0,329162.69,28.22,87.47,27.13,33.04,87.8,31.93,26.71,203430.69758491206
11214.0,1,33,2016-05,626500.0,331491.69,32.76,93.57,33.54,38.44,93.48,39.22,42.81,636921.041534851
29566.0,0,25,2012-04,129900.0,332401.41,12.04,88.15,12.73,16.71,87.79,17.42,20.11,178821.33545329416
21122.0,1,29,2017-01,289900.0,334827.59,33.94,81.16,34.55,39.77,81.15,40.38,41.39,272407.63243471814
33062.0,1,16,2012-03,299000.0,337858.0,12.44,87.51,13.4,17.11,87.23,18.08,19.99,306819.74361013685
36532.0,1,1,2011-06,259000.0,335755.41,6.28,83.36,5.37,10.77,83.3,9.86,13.64,231440.69114825997
33127.0,0,12,2016-08,250000.0,332246.09,33.93,87.21,35.4,39.68,87.43,41.16,41.18,437030.0382453507
23666.0,0,38,2015-08,179950.0,332274.91,39.06,96.73,39.24,44.62,97.4,44.78,43.81,195708.5246104676
23666.0,0,38,2016-02,174900.0,334459.09,36.9,98.31,39.11,42.46,98.51,44.7,45.97,191683.03214973264
10069.0,1,34,2017-02,2295000.0,335132.41,34.62,82.1,34.12,40.48,82.05,39.98,41.66,2391484.761720731
96778.0,1,18,2012-02,179000.0,335684.41,14.28,82.89,14.38,18.91,82.74,19.02,20.37,165304.19615270774
19963.0,1,9,2016-03,225000.0,333800.41,39.24,96.2,38.9,44.89,96.36,44.53,46.37,209940.66086983978
19901.0,1,10,2014-04,196900.0,334425.31,19.01,84.18,19.65,24.2,84.08,24.83,27.97,173932.69894565432
36576.0,0,1,2015-08,180000.0,332274.91,39.06,96.73,39.24,44.62,97.4,44.78,43.81,296555.7136183109
77504.0,0,7,2016-03,199000.0,333800.41,39.24,96.2,38.9,44.89,96.36,44.53,46.37,238315.3061125101
29577.0,1,24,2012-02,124900.0,335684.41,14.28,82.89,14.38,18.91,82.74,19.02,20.37,143199.0418909043
19947.0,0,8,2014-05,219900.0,334449.31,16.34,85.26,17.98,21.54,85.24,23.18,27.15,249626.45411307763
77058.0,1,26,2017-08,218888.0,331393.41,41.11,85.58,41.87,47.14,86.26,47.89,45.51,173782.73041746643
39501.0,1,22,2012-04,75750.0,332401.41,12.04,88.15,12.73,16.71,87.79,17.42,20.11,92734.41262340707
21220.0,1,30,2015-07,209900.0,333000.19,34.99,91.49,35.38,40.49,91.86,40.87,43.04,185597.81915808519
36606.0,0,2,2015-06,99000.0,335841.31,31.15,91.24,30.98,36.6,91.22,36.44,40.32,98172.57206235497
93108.0,0,6,2016-05,3867500.0,331491.69,32.76,93.57,33.54,38.44,93.48,39.22,42.81,3059563.232484493
21060.0,0,29,2011-10,239990.0,328861.91,18.03,87.64,16.34,22.58,87.9,20.91,15.64,281990.1233330988
36532.0,1,1,2014-10,270132.5,330350.59,33.92,87.53,30.88,39.2,88.09,36.18,30.96,247768.7660298753
36576.0,0,1,2016-01,171450.0,334690.41,34.63,99.75,38.42,40.19,100.02,43.99,44.09,288299.7267659702
19901.0,1,10,2012-12,189900.0,336879.19,24.69,81.32,25.57,29.54,81.55,30.41,27.94,177288.10651901085
19963.0,1,9,2014-12,219450.0,336062.81,33.35,84.4,28.43,38.69,84.69,33.77,32.4,206461.1977347922
39503.0,0,22,2012-03,130000.0,337858.0,12.44,87.51,13.4,17.11,87.23,18.08,19.99,104836.3009877803
28467.0,0,36,2010-01,209250.0,336505.31,8.3,84.67,9.54,12.43,84.58,13.67,14.64,175274.5536774357
10305.0,1,31,2010-06,372450.0,336233.59,11.25,84.38,9.95,15.51,84.35,14.21,17.66,404746.3980127544
21220.0,1,30,2014-07,198672.0,333016.19,24.93,80.02,24.31,30.17,80.14,29.55,30.97,179654.9670123164
77505.0,1,7,2017-07,239947.5,333067.69,36.75,81.64,37.58,42.74,82.02,43.57,44.51,190864.69719799192
23518.0,1,37,2016-11,254900.0,330627.09,41.62,86.87,40.88,47.43,87.37,46.68,41.89,199446.31592688922
19702.0,0,11,2012-01,154950.0,337542.91,14.75,81.67,13.79,19.37,81.66,18.41,18.69,181396.77953011647
77015.0,1,27,2014-06,109990.0,332034.91,18.58,80.93,20.16,23.81,81.13,25.39,29.0,98238.75865740677
36532.0,1,1,2016-05,339255.0,331491.69,32.76,93.57,33.54,38.44,93.48,39.22,42.81,247083.50673672502
32218.0,0,17,2016-04,189900.0,335285.81,37.36,96.32,37.09,43.01,96.17,42.75,45.33,234600.17511826538
33131.0,1,14,2012-06,385000.0,336495.0,13.03,84.35,14.34,17.77,84.35,19.07,23.05,401248.1673612733
39501.0,1,22,2012-10,69250.0,329162.69,28.22,87.47,27.13,33.04,87.8,31.93,26.71,102292.59828131359
36606.0,0,2,2014-04,99500.0,334425.31,19.01,84.18,19.65,24.2,84.08,24.83,27.97,75547.8135098908
77015.0,1,27,2016-05,119500.0,331491.69,32.76,93.57,33.54,38.44,93.48,39.22,42.81,106615.462775399
19901.0,1,10,2013-06,189990.0,335316.91,17.24,81.99,16.62,22.22,81.89,21.62,24.81,172887.08778283017
96778.0,1,18,2012-09,159200.0,331942.41,24.97,87.01,24.24,29.77,87.39,29.03,25.48,171619.21498354952
23661.0,1,38,2012-04,125000.0,332401.41,12.04,88.15,12.73,16.71,87.79,17.42,20.11,133996.1689753698
23661.0,1,38,2011-06,129000.0,335755.41,6.28,83.36,5.37,10.77,83.3,9.86,13.64,130593.50214041669
77504.0,0,7,2016-06,184900.0,334297.81,33.78,92.81,33.41,39.44,92.74,39.11,43.13,228139.75572565224
19968.0,1,8,2012-08,249000.0,331282.41,22.0,83.78,21.57,26.75,84.01,26.35,25.98,236140.09354115048
19904.0,0,10,2013-03,184950.0,88863.8,21.98,84.41,20.56,26.78,84.16,25.48,27.89,199696.38251167245
23666.0,0,38,2012-05,151700.0,334163.0,12.65,87.97,12.84,17.37,87.78,17.56,21.25,146489.42466231447
33308.0,1,15,2011-04,299999.0,334905.09,1.92,92.41,1.26,6.37,92.14,5.72,8.69,260468.3369702304
29566.0,0,25,2012-12,129900.0,336879.19,24.69,81.32,25.57,29.54,81.55,30.41,27.94,202396.5575034319
94014.0,0,4,2015-05,648888.0,335113.91,27.02,89.37,28.55,32.49,89.43,34.0,37.82,692769.3485130047
77505.0,1,7,2011-06,174900.0,335755.41,6.28,83.36,5.37,10.77,83.3,9.86,13.64,172864.82593739792
29407.0,0,23,2013-11,222250.0,334475.81,25.88,83.02,25.08,30.95,83.35,30.16,27.03,304559.89471690485
10003.0,0,35,2017-06,2599000.0,334922.41,34.27,82.66,34.23,40.2,83.08,40.19,43.57,2436804.9657123475
77505.0,1,7,2015-02,213700.0,338376.5,29.39,87.66,29.92,34.74,87.73,35.28,36.73,186516.84513110737
19904.0,0,10,2010-03,199900.0,335680.31,7.35,86.05,8.53,11.56,85.81,12.72,15.0,172431.12570586096
93940.0,0,5,2016-11,836500.0,330627.09,41.62,86.87,40.88,47.43,87.37,46.68,41.89,807515.5456986142
19947.0,0,8,2014-03,219900.0,335904.81,22.85,87.09,22.77,28.0,86.95,27.92,30.11,261758.84111279278
19968.0,1,8,2013-04,254945.0,334704.41,18.24,88.5,17.88,23.19,88.22,22.83,26.24,233918.9082461116
36532.0,1,1,2015-11,313637.5,331748.31,44.24,106.84,44.11,49.8,107.34,49.66,45.36,253865.21077583297
19901.0,1,10,2010-10,174950.0,330143.91,14.23,90.22,11.4,18.59,90.42,15.75,10.61,171108.9580652592
19901.0,1,10,2015-04,193750.0,336179.09,29.89,90.77,29.58,35.32,90.78,35.0,37.85,180359.95852278802
77058.0,1,26,2017-03,203250.0,334131.81,35.83,87.94,34.9,41.7,87.69,40.79,43.1,170663.61915209275
93109.0,1,6,2017-02,1499000.0,335132.41,34.62,82.1,34.12,40.48,82.05,39.98,41.66,3022930.823112171
21122.0,1,29,2016-01,279900.0,334690.41,34.63,99.75,38.42,40.19,100.02,43.99,44.09,272815.2435659886
39501.0,1,22,2017-09,74000.0,333942.19,45.5,86.53,44.07,51.54,87.08,50.1,45.28,112500.59878617295
33129.0,1,13,2013-08,437500.0,332255.0,21.28,83.97,21.8,26.35,84.21,26.84,24.1,413943.43343683484
33130.0,0,14,2014-12,410000.0,336062.81,33.35,84.4,28.43,38.69,84.69,33.77,32.4,451734.225768004
23502.0,0,37,2016-01,194500.0,334690.41,34.63,99.75,38.42,40.19,100.02,43.99,44.09,235428.57273431416
77062.0,0,26,2014-11,184350.0,333215.59,28.6,88.56,29.1,33.9,89.07,34.41,30.66,198828.4318980177
28467.0,0,36,2013-10,179000.0,332307.09,27.9,85.47,26.33,32.95,85.84,31.4,26.41,211802.1704507716
23502.0,0,37,2015-03,179900.0,335135.59,28.94,88.54,30.3,34.3,88.6,35.69,37.69,224824.3819465447
70124.0,1,19,2011-07,275000.0,336547.0,6.67,80.86,7.97,11.18,80.88,12.49,14.36,359659.9781661539
93950.0,1,5,2015-05,799000.0,335113.91,27.02,89.37,28.55,32.49,89.43,34.0,37.82,749881.5327699365
33130.0,0,14,2014-01,350000.0,337416.91,22.25,81.07,22.33,27.36,81.12,27.43,28.28,431047.667289227
33308.0,1,15,2011-12,309000.0,335571.0,13.52,83.22,13.57,18.11,83.49,18.17,16.43,267320.92990173324
77062.0,0,26,2011-10,149900.0,328861.91,18.03,87.64,16.34,22.58,87.9,20.91,15.64,179129.6099952544
21403.0,1,28,2015-08,409000.0,332274.91,39.06,96.73,39.24,44.62,97.4,44.78,43.81,446532.6438274528
29577.0,1,24,2016-02,149900.0,334459.09,36.9,98.31,39.11,42.46,98.51,44.7,45.97,156561.59810733478
21403.0,1,28,2015-01,399900.0,336854.31,27.07,85.42,28.02,32.39,85.66,33.36,33.87,439449.6619956667
29566.0,0,25,2012-09,129900.0,331942.41,24.97,87.01,24.24,29.77,87.39,29.03,25.48,202918.38060019384
23518.0,1,37,2011-09,199500.0,332555.59,15.98,88.9,15.45,20.53,89.29,20.01,15.75,184299.72258518817
19960.0,0,9,2016-08,235000.0,332246.09,33.93,87.21,35.4,39.68,87.43,41.16,41.18,246024.32296785782
21060.0,0,29,2010-06,234900.0,336233.59,11.25,84.38,9.95,15.51,84.35,14.21,17.66,269354.54977579176
36605.0,1,2,2015-04,60000.0,336179.09,29.89,90.77,29.58,35.32,90.78,35.0,37.85,61746.44165451695
70124.0,1,19,2013-08,395000.0,332255.0,21.28,83.97,21.8,26.35,84.21,26.84,24.1,368290.7008152277
77062.0,0,26,2010-03,169900.0,335680.31,7.35,86.05,8.53,11.56,85.81,12.72,15.0,159225.78616162034
77015.0,1,27,2010-10,92099.5,330143.91,14.23,90.22,11.4,18.59,90.42,15.75,10.61,95669.03630809323
77062.0,0,26,2012-08,154900.0,331282.41,22.0,83.78,21.57,26.75,84.01,26.35,25.98,186528.31604577194
11204.0,0,33,2014-09,698888.0,328248.59,30.57,87.45,29.98,35.86,88.04,35.26,30.69,670570.826661048
23518.0,1,37,2014-10,229945.0,330350.59,33.92,87.53,30.88,39.2,88.09,36.18,30.96,194897.61199821925
19968.0,1,8,2015-01,279900.0,336854.31,27.07,85.42,28.02,32.39,85.66,33.36,33.87,239135.14924483316
23661.0,1,38,2011-04,125000.0,334905.09,1.92,92.41,1.26,6.37,92.14,5.72,8.69,128017.87238340353
10305.0,1,31,2012-08,359900.0,331282.41,22.0,83.78,21.57,26.75,84.01,26.35,25.98,411096.8612897936
77015.0,1,27,2016-06,125900.0,334297.81,33.78,92.81,33.41,39.44,92.74,39.11,43.13,107218.01836075529
96778.0,1,18,2010-08,170000.0,331431.5,11.25,85.96,10.05,15.56,86.31,14.35,12.1,163514.2516197376
77015.0,1,27,2017-06,149000.0,334922.41,34.27,82.66,34.23,40.2,83.08,40.19,43.57,107507.48133803428
21403.0,1,28,2013-10,419000.0,332307.09,27.9,85.47,26.33,32.95,85.84,31.4,26.41,439939.9768347312
93950.0,1,5,2017-09,938500.0,333942.19,45.5,86.53,44.07,51.54,87.08,50.1,45.28,760798.4221987444
33309.0,0,15,2014-02,125500.0,338113.59,24.61,83.87,23.5,29.73,83.75,28.62,30.22,301229.1900965443
29412.0,1,23,2015-09,314900.0,330305.91,44.9,102.42,43.21,50.44,103.01,48.76,44.76,286822.23940874997
33062.0,1,16,2010-01,339000.0,336505.31,8.3,84.67,9.54,12.43,84.58,13.67,14.64,304374.0768225143
32218.0,0,17,2016-09,171000.0,328624.91,39.43,88.16,37.97,45.21,88.7,43.75,40.52,238457.93872646976
19963.0,1,9,2017-09,235000.0,333942.19,45.5,86.53,44.07,51.54,87.08,50.1,45.28,213638.69808977144
19947.0,0,8,2015-01,229900.0,336854.31,27.07,85.42,28.02,32.39,85.66,33.36,33.87,269623.460642562
19960.0,0,9,2015-04,213250.0,336179.09,29.89,90.77,29.58,35.32,90.78,35.0,37.85,238495.1611431498
21403.0,1,28,2015-12,410000.0,334989.5,41.5,104.33,40.67,47.06,104.88,46.24,44.23,447974.05130614823
33129.0,1,13,2016-06,531999.5,334297.81,33.78,92.81,33.41,39.44,92.74,39.11,43.13,421327.69306129904
23518.0,1,37,2013-06,215000.0,335316.91,17.24,81.99,16.62,22.22,81.89,21.62,24.81,185044.05595533416
19904.0,0,10,2015-09,198000.0,330305.91,44.9,102.42,43.21,50.44,103.01,48.76,44.76,242411.33028947137
19720.0,1,11,2013-05,149900.0,335043.81,14.71,87.29,16.05,19.7,87.01,21.03,25.07,166567.1284732428
33130.0,0,14,2016-04,423700.0,335285.81,37.36,96.32,37.09,43.01,96.17,42.75,45.33,459207.4779752018
11204.0,0,33,2015-12,783500.0,334989.5,41.5,104.33,40.67,47.06,104.88,46.24,44.23,690940.5639739338
23661.0,1,38,2014-02,125000.0,338113.59,24.61,83.87,23.5,29.73,83.75,28.62,30.22,141421.78045373104
33131.0,1,14,2013-09,480000.0,330502.09,24.58,86.94,24.64,29.63,87.11,29.69,24.72,408071.2232542783
21401.0,0,28,2010-05,498925.0,336418.59,10.23,85.01,8.67,14.47,84.8,12.92,16.93,438554.0414309988
33130.0,0,14,2017-08,445000.0,331393.41,41.11,85.58,41.87,47.14,86.26,47.89,45.51,466196.18016397784
19947.0,0,8,2015-10,232750.0,330283.91,45.31,105.73,45.02,50.85,106.3,50.57,45.3,303616.5080887686
19901.0,1,10,2012-02,179900.0,335684.41,14.28,82.89,14.38,18.91,82.74,19.02,20.37,171138.49510375707
39501.0,1,22,2012-06,74000.0,336495.0,13.03,84.35,14.34,17.77,84.35,19.07,23.05,93319.24598566466
96778.0,1,18,2014-10,181050.0,330350.59,33.92,87.53,30.88,39.2,88.09,36.18,30.96,176906.3448746659
19901.0,1,10,2010-01,190000.0,336505.31,8.3,84.67,9.54,12.43,84.58,13.67,14.64,167605.86529941336
29412.0,1,23,2015-10,305000.0,330283.91,45.31,105.73,45.02,50.85,106.3,50.57,45.3,287064.4431244324
19968.0,1,8,2014-10,282990.0,330350.59,33.92,87.53,30.88,39.2,88.09,36.18,30.96,243181.72351903957
29566.0,0,25,2013-08,129900.0,332255.0,21.28,83.97,21.8,26.35,84.21,26.84,24.1,196041.49764643825
99508.0,0,3,2016-03,230000.0,333800.41,39.24,96.2,38.9,44.89,96.36,44.53,46.37,302484.8096085766
96778.0,1,18,2014-03,195800.0,335904.81,22.85,87.09,22.77,28.0,86.95,27.92,30.11,170366.84455124039
11214.0,1,33,2016-12,633000.0,336391.59,44.82,84.89,40.95,50.64,85.11,46.76,44.02,644045.3752205342
93940.0,0,5,2014-03,775000.0,335904.81,22.85,87.09,22.77,28.0,86.95,27.92,30.11,772534.761676394
77504.0,0,7,2016-12,189950.0,336391.59,44.82,84.89,40.95,50.64,85.11,46.76,44.02,248714.49496940878
39501.0,1,22,2015-04,75000.0,336179.09,29.89,90.77,29.58,35.32,90.78,35.0,37.85,103279.13536714202
39501.0,1,22,2012-09,73000.0,331942.41,24.97,87.01,24.24,29.77,87.39,29.03,25.48,100372.69077895289
19720.0,1,11,2016-09,169900.0,328624.91,39.43,88.16,37.97,45.21,88.7,43.75,40.52,181170.24030658326
29577.0,1,24,2012-03,124900.0,337858.0,12.44,87.51,13.4,17.11,87.23,18.08,19.99,142112.07887418318
39501.0,1,22,2011-09,84950.0,332555.59,15.98,88.9,15.45,20.53,89.29,20.01,15.75,95061.9312570382
19963.0,1,9,2011-04,199000.0,334905.09,1.92,92.41,1.26,6.37,92.14,5.72,8.69,187894.2153350393
28467.0,0,36,2014-11,189900.0,333215.59,28.6,88.56,29.1,33.9,89.07,34.41,30.66,213106.72819267647
70119.0,0,20,2017-03,299000.0,334131.81,35.83,87.94,34.9,41.7,87.69,40.79,43.1,276151.5994595038
19904.0,0,10,2010-04,199500.0,335204.0,7.44,84.6,7.51,11.65,84.26,11.73,14.99,172598.8545583916
23502.0,0,37,2016-03,189450.0,333800.41,39.24,96.2,38.9,44.89,96.36,44.53,46.37,244020.01729171613
28467.0,0,36,2015-09,198310.0,330305.91,44.9,102.42,43.21,50.44,103.01,48.76,44.76,243484.28703988952
19968.0,1,8,2013-10,279900.0,332307.09,27.9,85.47,26.33,32.95,85.84,31.4,26.41,239625.4640838976
96778.0,1,18,2013-12,185000.0,335779.0,21.23,83.43,22.49,26.34,83.75,27.58,26.81,169409.84450390982
33137.0,1,12,2016-06,590000.0,334297.81,33.78,92.81,33.41,39.44,92.74,39.11,43.13,397720.93154336663
33062.0,1,16,2010-10,282450.0,330143.91,14.23,90.22,11.4,18.59,90.42,15.75,10.61,307877.1695883601
19968.0,1,8,2010-11,269000.0,334243.0,10.15,88.19,9.22,14.5,88.34,13.57,10.08,229139.81541715836
33062.0,1,16,2012-08,299000.0,331282.41,22.0,83.78,21.57,26.75,84.01,26.35,25.98,312467.22537092713
77505.0,1,7,2013-12,179900.0,335779.0,21.23,83.43,22.49,26.34,83.75,27.58,26.81,181696.40044825713
93940.0,0,5,2016-02,732000.0,334459.09,36.9,98.31,39.11,42.46,98.51,44.7,45.97,798719.0992103415
77015.0,1,27,2011-10,89500.0,328861.91,18.03,87.64,16.34,22.58,87.9,20.91,15.64,97913.85123393034
70118.0,0,19,2017-08,369000.0,331393.41,41.11,85.58,41.87,47.14,86.26,47.89,45.51,428365.1022657858
23502.0,0,37,2014-11,178950.0,333215.59,28.6,88.56,29.1,33.9,89.07,34.41,30.66,224190.73961476234
29579.0,0,24,2014-10,205000.0,330350.59,33.92,87.53,30.88,39.2,88.09,36.18,30.96,194008.9570678825
10023.0,0,34,2017-04,2410000.0,332204.5,34.36,85.64,33.88,40.3,85.58,39.8,43.1,2431099.017360264
21401.0,0,28,2012-10,425000.0,329162.69,28.22,87.47,27.13,33.04,87.8,31.93,26.71,472081.1753979536
93950.0,1,5,2012-01,556000.0,337542.91,14.75,81.67,13.79,19.37,81.66,18.41,18.69,742633.1435225625
21122.0,1,29,2013-06,299900.0,335316.91,17.24,81.99,16.62,22.22,81.89,21.62,24.81,262542.26157643396
39501.0,1,22,2011-01,75000.0,337258.41,4.02,91.83,4.99,8.4,91.72,9.37,10.03,87996.67164835084
23666.0,0,38,2015-06,176700.0,335841.31,31.15,91.24,30.98,36.6,91.22,36.44,40.32,180967.02212694276
29407.0,0,23,2015-02,250000.0,338376.5,29.39,87.66,29.92,34.74,87.73,35.28,36.73,311101.31996559916
33129.0,1,13,2015-09,529000.0,330305.91,44.9,102.42,43.21,50.44,103.01,48.76,44.76,427896.7304232225
19904.0,0,10,2015-10,199900.0,330283.91,45.31,105.73,45.02,50.85,106.3,50.57,45.3,243175.42839544424
93940.0,0,5,2017-03,848825.0,334131.81,35.83,87.94,34.9,41.7,87.69,40.79,43.1,796724.9895191441
10314.0,1,32,2015-07,439000.0,333000.19,34.99,91.49,35.38,40.49,91.86,40.87,43.04,414066.79743180587
10069.0,1,34,2016-11,2450000.0,330627.09,41.62,86.87,40.88,47.43,87.37,46.68,41.89,2395619.947110431
19947.0,0,8,2013-09,207900.0,330502.09,24.58,86.94,24.64,29.63,87.11,29.69,24.72,264982.9623892148
19702.0,0,11,2016-03,209950.0,333800.41,39.24,96.2,38.9,44.89,96.36,44.53,46.37,227037.6639576163
29577.0,1,24,2012-04,125000.0,332401.41,12.04,88.15,12.73,16.71,87.79,17.42,20.11,141875.7825662003
10305.0,1,31,2011-04,354000.0,334905.09,1.92,92.41,1.26,6.37,92.14,5.72,8.69,399234.78662905423
21060.0,0,29,2013-07,279000.0,331324.59,20.72,83.01,19.22,25.76,83.09,24.25,24.83,287003.3523698475
11204.0,0,33,2015-09,799499.5,330305.91,44.9,102.42,43.21,50.44,103.01,48.76,44.76,697276.9872917574
33062.0,1,16,2016-11,398695.0,330627.09,41.62,86.87,40.88,47.43,87.37,46.68,41.89,324057.5592774862
36532.0,1,1,2011-09,258950.0,332555.59,15.98,88.9,15.45,20.53,89.29,20.01,15.75,237170.8766168442
23518.0,1,37,2017-03,240000.0,334131.81,35.83,87.94,34.9,41.7,87.69,40.79,43.1,196025.92686883738
29577.0,1,24,2014-09,139895.0,328248.59,30.57,87.45,29.98,35.86,88.04,35.26,30.69,152822.2090335061
19947.0,0,8,2014-09,227617.5,328248.59,30.57,87.45,29.98,35.86,88.04,35.26,30.69,276146.24935208634
21122.0,1,29,2017-07,324500.0,333067.69,36.75,81.64,37.58,42.74,82.02,43.57,44.51,274067.6139982977
36606.0,0,2,2016-04,99900.0,335285.81,37.36,96.32,37.09,43.01,96.17,42.75,45.33,109745.86288696804
77505.0,1,7,2011-11,159900.0,334002.59,11.85,88.68,14.63,16.45,88.98,19.21,15.14,176155.25202605917
19947.0,0,8,2017-07,263950.0,333067.69,36.75,81.64,37.58,42.74,82.02,43.57,44.51,287663.6305591892
33131.0,1,14,2012-01,366500.0,337542.91,14.75,81.67,13.79,19.37,81.66,18.41,18.69,402264.2414855996
19960.0,0,9,2017-08,246900.0,331393.41,41.11,85.58,41.87,47.14,86.26,47.89,45.51,259405.3580919676
33308.0,1,15,2010-05,299000.0,336418.59,10.23,85.01,8.67,14.47,84.8,12.92,16.93,265377.39276857424
77020.0,0,27,2017-02,135000.0,335132.41,34.62,82.1,34.12,40.48,82.05,39.98,41.66,147813.0462654741
93950.0,1,5,2015-04,795000.0,336179.09,29.89,90.77,29.58,35.32,90.78,35.0,37.85,751576.9587797135
21237.0,0,30,2014-03,199900.0,335904.81,22.85,87.09,22.77,28.0,86.95,27.92,30.11,203542.84412798428
33130.0,0,14,2015-03,399900.0,335135.59,28.94,88.54,30.3,34.3,88.6,35.69,37.69,443515.51199400343
33062.0,1,16,2017-08,395000.0,331393.41,41.11,85.58,41.87,47.14,86.26,47.89,45.51,323756.281484808
29577.0,1,24,2016-12,154900.0,336391.59,44.82,84.89,40.95,50.64,85.11,46.76,44.02,161240.2650053953
23666.0,0,38,2010-01,199900.0,336505.31,8.3,84.67,9.54,12.43,84.58,13.67,14.64,138382.5301233343
21403.0,1,28,2014-01,399900.0,337416.91,22.25,81.07,22.33,27.36,81.12,27.43,28.28,436602.2914844733
23661.0,1,38,2015-01,133000.0,336854.31,27.07,85.42,28.02,32.39,85.66,33.36,33.87,142875.00274782558
70124.0,1,19,2012-09,326000.0,331942.41,24.97,87.01,24.24,29.77,87.39,29.03,25.48,370470.5342563696
36532.0,1,1,2013-03,269925.0,88863.8,21.98,84.41,20.56,26.78,84.16,25.48,27.89,240715.32123658704
23666.0,0,38,2015-01,165000.0,336854.31,27.07,85.42,28.02,32.39,85.66,33.36,33.87,173363.31414555447
36576.0,0,1,2015-01,174900.0,336854.31,27.07,85.42,28.02,32.39,85.66,33.36,33.87,274210.50315339776
28467.0,0,36,2012-09,160000.0,331942.41,24.97,87.01,24.24,29.77,87.39,29.03,25.48,206341.6644739413
96771.0,0,18,2015-12,189000.0,334989.5,41.5,104.33,40.67,47.06,104.88,46.24,44.23,230240.60802059848
70119.0,0,20,2016-03,339000.0,333800.41,39.24,96.2,38.9,44.89,96.36,44.53,46.37,282506.6593164974
77015.0,1,27,2017-09,148750.0,333942.19,45.5,86.53,44.07,51.54,87.08,50.1,45.28,114141.50018465295
29582.0,1,25,2017-05,249900.0,336082.81,30.03,82.17,32.87,35.98,82.17,38.81,42.83,178092.33510725264
70118.0,0,19,2017-05,375000.0,336082.81,30.03,82.17,32.87,35.98,82.17,38.81,42.83,407715.81686534896
19720.0,1,11,2016-01,179900.0,334690.41,34.63,99.75,38.42,40.19,100.02,43.99,44.09,178334.684610789
23502.0,0,37,2017-09,185000.0,333942.19,45.5,86.53,44.07,51.54,87.08,50.1,45.28,255686.49081217952
23661.0,1,38,2013-07,134900.0,331324.59,20.72,83.01,19.22,25.76,83.09,24.25,24.83,139123.79885859776
93109.0,1,6,2017-04,1382000.0,332204.5,34.36,85.64,33.88,40.3,85.58,39.8,43.1,3022777.2305119825
10306.0,0,32,2014-11,419900.0,333215.59,28.6,88.56,29.1,33.9,89.07,34.41,30.66,442727.8324244949
94015.0,1,4,2015-10,779900.0,330283.91,45.31,105.73,45.02,50.85,106.3,50.57,45.3,673149.3314551443
39503.0,0,22,2015-03,158500.0,335135.59,28.94,88.54,30.3,34.3,88.6,35.69,37.69,135586.59061839472
21122.0,1,29,2013-07,296000.0,331324.59,20.72,83.01,19.22,25.76,83.09,24.25,24.83,264598.0394558848
19947.0,0,8,2010-09,209950.0,330917.41,12.23,89.98,10.9,16.53,90.33,15.22,10.46,241966.83651417913
10306.0,0,32,2015-08,439000.0,332274.91,39.06,96.73,39.24,44.62,97.4,44.78,43.81,462221.6523963874
33131.0,1,14,2011-12,395000.0,335571.0,13.52,83.22,13.57,18.11,83.49,18.17,16.43,401537.63033855235
10069.0,1,34,2017-08,2295000.0,331393.41,41.11,85.58,41.87,47.14,86.26,47.89,45.51,2395318.669317753
19901.0,1,10,2017-03,199945.0,334131.81,35.83,87.94,34.9,41.7,87.69,40.79,43.1,183868.9586963334
23661.0,1,38,2010-02,156500.0,337393.41,13.11,87.3,10.16,17.27,87.21,14.32,15.98,134628.26159922392
21237.0,0,30,2010-08,197250.0,331431.5,11.25,85.96,10.05,15.56,86.31,14.35,12.1,181924.45869070385
33309.0,0,15,2016-02,149900.0,334459.09,36.9,98.31,39.11,42.46,98.51,44.7,45.97,324133.4967365595
36532.0,1,1,2013-02,259450.0,337714.91,21.55,83.92,22.04,26.44,83.57,26.93,28.67,240461.30270550546
11214.0,1,33,2014-09,549000.0,328248.59,30.57,87.45,29.98,35.86,88.04,35.26,30.69,635627.3192486449
23661.0,1,38,2016-02,139950.0,334459.09,36.9,98.31,39.11,42.46,98.51,44.7,45.97,148681.98451650428
33308.0,1,15,2011-02,299999.5,334478.31,4.76,90.63,4.1,9.12,90.4,8.5,10.02,262146.0407569087
93108.0,0,6,2016-04,4100000.0,335285.81,37.36,96.32,37.09,43.01,96.17,42.75,45.33,3068136.0405027247
19904.0,0,10,2013-06,187900.0,335316.91,17.24,81.99,16.62,22.22,81.89,21.62,24.81,190862.66294505956
70124.0,1,19,2014-02,437250.0,338113.59,24.61,83.87,23.5,29.73,83.75,28.62,30.22,370257.867579185
94015.0,1,4,2016-04,774888.0,335285.81,37.36,96.32,37.09,43.01,96.17,42.75,45.33,668452.9423339851
29582.0,1,25,2014-03,219900.0,335904.81,22.85,87.09,22.77,28.0,86.95,27.92,30.11,173850.8163789604
19901.0,1,10,2010-03,187500.0,335680.31,7.35,86.05,8.53,11.56,85.81,12.72,15.0,167044.66156795408
19960.0,0,9,2011-09,189900.0,332555.59,15.98,88.9,15.45,20.53,89.29,20.01,15.75,212571.73515758335
32226.0,1,17,2015-09,244995.0,330305.91,44.9,102.42,43.21,50.44,103.01,48.76,44.76,195467.77284287094
99501.0,1,3,2017-09,257500.0,333942.19,45.5,86.53,44.07,51.54,87.08,50.1,45.28,260203.18243118338
32226.0,1,17,2016-04,229400.0,335285.81,37.36,96.32,37.09,43.01,96.17,42.75,45.33,191013.5874373941
36532.0,1,1,2016-04,338950.0,335285.81,37.36,96.32,37.09,43.01,96.17,42.75,45.33,249800.91427852784
77505.0,1,7,2014-10,199900.0,330350.59,33.92,87.53,30.88,39.2,88.09,36.18,30.96,189192.90081901322
77062.0,0,26,2013-10,164975.0,332307.09,27.9,85.47,26.33,32.95,85.84,31.4,26.41,197523.87415611284
39503.0,0,22,2010-02,144950.0,337393.41,13.11,87.3,10.16,17.27,87.21,14.32,15.98,106084.94911217495
10305.0,1,31,2011-10,364900.0,328861.91,18.03,87.64,16.34,22.58,87.9,20.91,15.64,408751.62043306377
21122.0,1,29,2011-01,285900.0,337258.41,4.02,91.83,4.99,8.4,91.72,9.37,10.03,254732.66859760057
19960.0,0,9,2017-09,246100.0,333942.19,45.5,86.53,44.07,51.54,87.08,50.1,45.28,267586.79878762807
10306.0,0,32,2013-07,415000.0,331324.59,20.72,83.01,19.22,25.76,83.09,24.25,24.83,428042.2395584802
77015.0,1,27,2012-01,82200.0,337542.91,14.75,81.67,13.79,19.37,81.66,18.41,18.69,95976.22150847093
93950.0,1,5,2013-05,774000.0,335043.81,14.71,87.29,16.05,19.7,87.01,21.03,25.07,742609.5138917641
33137.0,1,12,2016-04,615000.0,335285.81,37.36,96.32,37.09,43.01,96.17,42.75,45.33,399835.7834998132
36605.0,1,2,2015-10,64000.0,330283.91,45.31,105.73,45.02,50.85,106.3,50.57,45.3,70855.66432725602
70118.0,0,19,2016-08,410000.0,332246.09,33.93,87.21,35.4,39.68,87.43,41.16,41.18,414984.067141676
23666.0,0,38,2017-09,189900.0,333942.19,45.5,86.53,44.07,51.54,87.08,50.1,45.28,207710.4558359923
21403.0,1,28,2015-11,419900.0,331748.31,44.24,106.84,44.11,49.8,107.34,49.66,45.36,449592.68101583084
70126.0,1,21,2015-11,117000.0,331748.31,44.24,106.84,44.11,49.8,107.34,49.66,45.36,204529.72897396257
77015.0,1,27,2016-09,129000.0,328624.91,39.43,88.16,37.97,45.21,88.7,43.75,40.52,110555.7037110131
23502.0,0,37,2010-05,189900.0,336418.59,10.23,85.01,8.67,14.47,84.8,12.92,16.93,189955.41715934494
29579.0,0,24,2016-03,229950.0,333800.41,39.24,96.2,38.9,44.89,96.36,44.53,46.37,203923.59590635938
32226.0,1,17,2014-10,227475.0,330350.59,33.92,87.53,30.88,39.2,88.09,36.18,30.96,188981.43918874155
21220.0,1,30,2015-04,199500.0,336179.09,29.89,90.77,29.58,35.32,90.78,35.0,37.85,182585.0412313038
99508.0,0,3,2015-11,234450.0,331748.31,44.24,106.84,44.11,49.8,107.34,49.66,45.36,311803.0791936113
19947.0,0,8,2011-06,199000.0,335755.41,6.28,83.36,5.37,10.77,83.3,9.86,13.64,230878.09570798787
10305.0,1,31,2013-01,373000.0,333237.19,23.81,81.56,22.7,28.69,81.37,27.58,28.7,412166.102083416
77015.0,1,27,2012-12,90493.5,336879.19,24.69,81.32,25.57,29.54,81.55,30.41,27.94,101848.18476184488
70124.0,1,19,2015-11,475000.0,331748.31,44.24,106.84,44.11,49.8,107.34,49.66,45.36,381854.1088934436
33145.0,0,13,2016-02,398950.0,334459.09,36.9,98.31,39.11,42.46,98.51,44.7,45.97,466171.8518967937
77062.0,0,26,2015-12,218000.0,334989.5,41.5,104.33,40.67,47.06,104.88,46.24,44.23,222869.56742740716
33308.0,1,15,2015-02,338000.0,338376.5,29.39,87.66,29.92,34.74,87.73,35.28,36.73,276695.985920953
33062.0,1,16,2013-03,349900.0,88863.8,21.98,84.41,20.56,26.78,84.16,25.48,27.89,312455.41055552795
32226.0,1,17,2015-11,241990.0,331748.31,44.24,106.84,44.11,49.8,107.34,49.66,45.36,195077.88393469923
29582.0,1,25,2017-04,249900.0,332204.5,34.36,85.64,33.88,40.3,85.58,39.8,43.1,180650.24264116707
29579.0,0,24,2014-07,191900.0,333016.19,24.93,80.02,24.31,30.17,80.14,29.55,30.97,177254.70835399014
77015.0,1,27,2017-02,127500.0,335132.41,34.62,82.1,34.12,40.48,82.05,39.98,41.66,107714.24060751927
23518.0,1,37,2016-01,214900.0,334690.41,34.63,99.75,38.42,40.19,100.02,43.99,44.09,195317.0379448888
21401.0,0,28,2013-12,489900.0,335779.0,21.23,83.43,22.49,26.34,83.75,27.58,26.81,459054.2345180751
93108.0,0,6,2017-01,3995000.0,334827.59,33.94,81.16,34.55,39.77,81.15,40.38,41.39,3061762.344106561
29579.0,0,24,2016-11,229900.0,330627.09,41.62,86.87,40.88,47.43,87.37,46.68,41.89,208359.09222883589
93109.0,1,6,2015-02,1187499.5,338376.5,29.39,87.66,29.92,34.74,87.73,35.28,36.73,3019841.2488852954
99501.0,1,3,2016-08,275000.0,332246.09,33.93,87.21,35.4,39.68,87.43,41.16,41.18,253368.31172277927
36532.0,1,1,2010-04,264500.0,335204.0,7.44,84.6,7.51,11.65,84.26,11.73,14.99,232125.95044141024
19901.0,1,10,2013-09,199900.0,330502.09,24.58,86.94,24.64,29.63,87.11,29.69,24.72,177223.12503431557
33129.0,1,13,2017-05,558250.0,336082.81,30.03,82.17,32.87,35.98,82.17,38.81,42.83,419112.4151739598
93950.0,1,5,2011-08,576500.0,329602.81,13.82,83.42,12.2,18.37,83.56,16.75,15.4,742083.7546065022
33131.0,1,14,2014-12,485000.0,336062.81,33.35,84.4,28.43,38.69,84.69,33.77,32.4,413252.0198068024
10306.0,0,32,2017-06,549000.0,334922.41,34.27,82.66,34.23,40.2,83.08,40.19,43.57,453294.7501339242
19901.0,1,10,2015-01,193450.0,336854.31,27.07,85.42,28.02,32.39,85.66,33.36,33.87,178694.06955150887
94015.0,1,4,2017-09,838944.0,333942.19,45.5,86.53,44.07,51.54,87.08,50.1,45.28,673261.5722014362
33062.0,1,16,2012-02,299900.0,335684.41,14.28,82.89,14.38,18.91,82.74,19.02,20.37,307906.706626858
23661.0,1,38,2010-12,130900.0,335600.69,5.79,88.22,6.6,10.17,88.07,10.96,9.85,130304.03916313768
29582.0,1,25,2015-06,237500.0,335841.31,31.15,91.24,30.98,36.6,91.22,36.44,40.32,178753.96476960464
19702.0,0,11,2013-02,210000.0,337714.91,21.55,83.92,22.04,26.44,83.57,26.93,28.67,194069.62616576362
36576.0,0,1,2016-09,198000.0,328624.91,39.43,88.16,37.97,45.21,88.7,43.75,40.52,297245.26556760346
19901.0,1,10,2014-12,189000.0,336062.81,33.35,84.4,28.43,38.69,84.69,33.77,32.4,182403.92158683972
96771.0,0,18,2013-05,159450.0,335043.81,14.71,87.29,16.05,19.7,87.01,21.03,25.07,180313.3195839827
21122.0,1,29,2010-08,299999.5,331431.5,11.25,85.96,10.05,15.56,86.31,14.35,12.1,259003.72436439068
29407.0,0,23,2016-05,299000.0,331491.69,32.76,93.57,33.54,38.44,93.48,39.22,42.81,317381.8336659125
19968.0,1,8,2011-04,268450.0,334905.09,1.92,92.41,1.26,6.37,92.14,5.72,8.69,224278.0188804111
36605.0,1,2,2013-07,65540.0,331324.59,20.72,83.01,19.22,25.76,83.09,24.25,24.83,56329.34879400999
28468.0,1,36,2016-07,274000.0,334806.31,35.35,90.1,35.05,41.08,90.16,40.79,43.64,184658.3598771721
19901.0,1,10,2011-12,178950.0,335571.0,13.52,83.22,13.57,18.11,83.49,18.17,16.43,170689.53211858962
11204.0,0,33,2014-10,698888.0,330350.59,33.92,87.53,30.88,39.2,88.09,36.18,30.96,676814.0672830213
19947.0,0,8,2015-07,234900.0,333000.19,34.99,91.49,35.38,40.49,91.86,40.87,43.04,284383.599665257
32218.0,0,17,2017-07,185000.0,333067.69,36.75,81.64,37.58,42.74,82.02,43.57,44.51,233463.34622889117
21060.0,0,29,2012-07,249950.0,337024.81,15.83,82.51,17.98,20.6,82.57,22.74,25.34,277890.08471568354
29582.0,1,25,2012-12,214900.0,336879.19,24.69,81.32,25.57,29.54,81.55,30.41,27.94,174937.77939568151
39503.0,0,22,2016-09,147475.5,328624.91,39.43,88.16,37.97,45.21,88.7,43.75,40.52,155136.32020779746
21401.0,0,28,2016-10,525000.0,332695.31,38.4,88.32,39.66,44.19,88.83,45.45,40.31,491053.1722730842
93940.0,0,5,2016-12,857000.0,336391.59,44.82,84.89,40.95,50.64,85.11,46.76,44.02,813479.2382330364
10306.0,0,32,2015-12,437000.0,334989.5,41.5,104.33,40.67,47.06,104.88,46.24,44.23,466768.96795388433
19901.0,1,10,2013-01,189900.0,333237.19,23.81,81.56,22.7,28.69,81.37,27.58,28.7,176768.25464144856
11214.0,1,33,2015-04,566500.0,336179.09,29.89,90.77,29.58,35.32,90.78,35.0,37.85,635225.615525074
10305.0,1,31,2011-06,355000.0,335755.41,6.28,83.36,5.37,10.77,83.3,9.86,13.64,401810.4163860674
19702.0,0,11,2011-10,143500.0,328861.91,18.03,87.64,16.34,22.58,87.9,20.91,15.64,187509.56437789922
10306.0,0,32,2015-05,432499.5,335113.91,27.02,89.37,28.55,32.49,89.43,34.0,37.82,439783.2592356239
21237.0,0,30,2011-07,205000.0,336547.0,6.67,80.86,7.97,11.18,80.88,12.49,14.36,173388.92375081207
29566.0,0,25,2015-09,165500.0,330305.91,44.9,102.42,43.21,50.44,103.01,48.76,44.76,240061.00316614204
10314.0,1,32,2015-12,398000.0,334989.5,41.5,104.33,40.67,47.06,104.88,46.24,44.23,417912.5198442269
19963.0,1,9,2013-01,219000.0,333237.19,23.81,81.56,22.7,28.69,81.37,27.58,28.7,200825.5307894011
39503.0,0,22,2010-04,139900.0,335204.0,7.44,84.6,7.51,11.65,84.26,11.73,14.99,95518.03140274562
21237.0,0,30,2015-02,186500.0,338376.5,29.39,87.66,29.92,34.74,87.73,35.28,36.73,215731.14074520965
19963.0,1,9,2016-06,224950.0,334297.81,33.78,92.81,33.41,39.44,92.74,39.11,43.13,206715.21626587378
21237.0,0,30,2011-12,185000.0,335571.0,13.52,83.22,13.57,18.11,83.49,18.17,16.43,186154.95308230957
29582.0,1,25,2016-01,229900.0,334690.41,34.63,99.75,38.42,40.19,100.02,43.99,44.09,180809.7426490555
94015.0,1,4,2014-10,660000.0,330350.59,33.92,87.53,30.88,39.2,88.09,36.18,30.96,666420.7940853325
36532.0,1,1,2012-09,249000.0,331942.41,24.97,87.01,24.24,29.77,87.39,29.03,25.48,242481.6361387589
39503.0,0,22,2014-01,156480.0,337416.91,22.25,81.07,22.33,27.36,81.12,27.43,28.28,123118.74591361833
23666.0,0,38,2015-03,165000.0,335135.59,28.94,88.54,30.3,34.3,88.6,35.69,37.69,176848.34697035744
19901.0,1,10,2014-07,187900.0,333016.19,24.93,80.02,24.31,30.17,80.14,29.55,30.97,177429.8843038006
33130.0,0,14,2015-12,439450.0,334989.5,41.5,104.33,40.67,47.06,104.88,46.24,44.23,466923.00519161054
21401.0,0,28,2010-02,477000.0,337393.41,13.11,87.3,10.16,17.27,87.21,14.32,15.98,443921.3647119788
23518.0,1,37,2011-12,194000.0,335571.0,13.52,83.22,13.57,18.11,83.49,18.17,16.43,182846.5002910936
23666.0,0,38,2012-12,166750.0,336879.19,24.69,81.32,25.57,29.54,81.55,30.41,27.94,168927.81782307796
93950.0,1,5,2011-04,572000.0,334905.09,1.92,92.41,1.26,6.37,92.14,5.72,8.69,735053.9394440124
19963.0,1,9,2012-09,195000.0,331942.41,24.97,87.01,24.24,29.77,87.39,29.03,25.48,201510.79008255136
36606.0,0,2,2015-05,90110.0,335113.91,27.02,89.37,28.55,32.49,89.43,34.0,37.82,90475.68138511633
19968.0,1,8,2013-11,279000.0,334475.81,25.88,83.02,25.08,30.95,83.35,30.16,27.03,238432.16772858414
39503.0,0,22,2010-08,139500.0,331431.5,11.25,85.96,10.05,15.56,86.31,14.35,12.1,102618.55282654204
33145.0,0,13,2015-08,330000.0,332274.91,39.06,96.73,39.24,44.62,97.4,44.78,43.81,470197.3443575287
10010.0,1,35,2017-04,2495000.0,332204.5,34.36,85.64,33.88,40.3,85.58,39.8,43.1,2397204.8463251567
33308.0,1,15,2011-10,325000.0,328861.91,18.03,87.64,16.34,22.58,87.9,20.91,15.64,269985.17077423993
21060.0,0,29,2015-11,284900.0,331748.31,44.24,106.84,44.11,49.8,107.34,49.66,45.36,330836.49249785056
39503.0,0,22,2014-09,159900.0,328248.59,30.57,87.45,29.98,35.86,88.04,35.26,30.69,138624.34650311602
96771.0,0,18,2016-01,185000.0,334690.41,34.63,99.75,38.42,40.19,100.02,43.99,44.09,217437.30561076084
33308.0,1,15,2010-10,303250.0,330143.91,14.23,90.22,11.4,18.59,90.42,15.75,10.61,267740.3558484028
39503.0,0,22,2016-11,151700.0,330627.09,41.62,86.87,40.88,47.43,87.37,46.68,41.89,159217.72228604264
19720.0,1,11,2014-10,172500.0,330350.59,33.92,87.53,30.88,39.2,88.09,36.18,30.96,177915.25866411944
70124.0,1,19,2014-01,399900.0,337416.91,22.25,81.07,22.33,27.36,81.12,27.43,28.28,368863.71936208615
10306.0,0,32,2016-05,477000.0,331491.69,32.76,93.57,33.54,38.44,93.48,39.22,42.81,450480.6327192437
77015.0,1,27,2014-01,104750.0,337416.91,22.25,81.07,22.33,27.36,81.12,27.43,28.28,100406.77728314947
96771.0,0,18,2015-04,172500.0,336179.09,29.89,90.77,29.58,35.32,90.78,35.0,37.85,208603.58604414796
33130.0,0,14,2014-09,395000.0,328248.59,30.57,87.45,29.98,35.86,88.04,35.26,30.69,446553.2678787247
33129.0,1,13,2016-08,515000.0,332246.09,33.93,87.21,35.4,39.68,87.43,41.16,41.18,421416.3041767926
19901.0,1,10,2010-05,184900.0,336418.59,10.23,85.01,8.67,14.47,84.8,12.92,16.93,168745.99498543065
21122.0,1,29,2011-07,274900.0,336547.0,6.67,80.86,7.97,11.18,80.88,12.49,14.36,256298.13163798698
29407.0,0,23,2014-11,229000.0,333215.59,28.6,88.56,29.1,33.9,89.07,34.41,30.66,309629.0333711637
77015.0,1,27,2012-02,84200.0,335684.41,14.28,82.89,14.38,18.91,82.74,19.02,20.37,95698.57334659107
19947.0,0,8,2017-05,259900.0,336082.81,30.03,82.17,32.87,35.98,82.17,38.81,42.83,275139.87623690255
29577.0,1,24,2017-02,155000.0,335132.41,34.62,82.1,34.12,40.48,82.05,39.98,41.66,155214.7091518325
23502.0,0,37,2010-04,189900.0,335204.0,7.44,84.6,7.51,11.65,84.26,11.73,14.99,184755.8227308956
93940.0,0,5,2014-11,691250.0,333215.59,28.6,88.56,29.1,33.9,89.07,34.41,30.66,783250.7716991839
77062.0,0,26,2013-02,159900.0,337714.91,21.55,83.92,22.04,26.44,83.57,26.93,28.67,185689.6717831188
11204.0,0,33,2016-08,772500.0,332246.09,33.93,87.21,35.4,39.68,87.43,41.16,41.18,676832.7038221913
32226.0,1,17,2016-08,226300.0,332246.09,33.93,87.21,35.4,39.68,87.43,41.16,41.18,188987.34659644112
19963.0,1,9,2015-05,238000.0,335113.91,27.02,89.37,28.55,32.49,89.43,34.0,37.82,202721.8086609635
29577.0,1,24,2017-08,158000.0,331393.41,41.11,85.58,41.87,47.14,86.26,47.89,45.51,159048.61674885434
94015.0,1,4,2015-06,699000.0,335841.31,31.15,91.24,30.98,36.6,91.22,36.44,40.32,664784.4421525514
32218.0,0,17,2016-06,189900.0,334297.81,33.78,92.81,33.41,39.44,92.74,39.11,43.13,227928.29409538058
96778.0,1,18,2015-07,169000.0,333000.19,34.99,91.49,35.38,40.49,91.86,40.87,43.04,177538.43749852004
39501.0,1,22,2012-02,75000.0,335684.41,14.28,82.89,14.38,18.91,82.74,19.02,20.37,94057.67194811108
21122.0,1,29,2016-10,289900.0,332695.31,38.4,88.32,39.66,44.19,88.83,45.45,40.31,275042.33626872697
33131.0,1,14,2010-05,319000.0,336418.59,10.23,85.01,8.67,14.47,84.8,12.92,16.93,399594.09320539335
33145.0,0,13,2014-06,299000.0,332034.91,18.58,80.93,20.16,23.81,81.13,25.39,29.0,432029.71213722666
19904.0,0,10,2015-05,189900.0,335113.91,27.02,89.37,28.55,32.49,89.43,34.0,37.82,209089.19825338738
21060.0,0,29,2017-02,289990.0,335132.41,34.62,82.1,34.12,40.48,82.05,39.98,41.66,312908.1418162438
11204.0,0,33,2014-06,598500.0,332034.91,18.58,80.93,20.16,23.81,81.13,25.39,29.0,648225.6161961348
39501.0,1,22,2016-09,78500.0,328624.91,39.43,88.16,37.97,45.21,88.7,43.75,40.52,108914.80231253311
21122.0,1,29,2015-07,289900.0,333000.19,34.99,91.49,35.38,40.49,91.86,40.87,43.04,273027.91024317313
77505.0,1,7,2015-05,214900.0,335113.91,27.02,89.37,28.55,32.49,89.43,34.0,37.82,185116.78950630897
10306.0,0,32,2010-05,399000.0,336418.59,10.23,85.01,8.67,14.47,84.8,12.92,16.93,408492.5099690775
99508.0,0,3,2016-08,230000.0,332246.09,33.93,87.21,35.4,39.68,87.43,41.16,41.18,292588.80730926973
36605.0,1,2,2017-07,65450.0,333067.69,36.75,81.64,37.58,42.74,82.02,43.57,44.51,65798.92333642291
77062.0,0,26,2010-01,164888.5,336505.31,8.3,84.67,9.54,12.43,84.58,13.67,14.64,160996.2573827769
21220.0,1,30,2014-12,199700.0,336062.81,33.35,84.4,28.43,38.69,84.69,33.77,32.4,184629.0042953555
10314.0,1,32,2016-03,436950.0,333800.41,39.24,96.2,38.9,44.89,96.36,44.53,46.37,416577.44570412376
77505.0,1,7,2011-05,172900.0,336056.19,2.9,87.98,2.17,7.38,87.72,6.65,10.54,170868.12213494277
11204.0,0,33,2014-11,659000.0,333215.59,28.6,88.56,29.1,33.9,89.07,34.41,30.66,666899.4284445443
77505.0,1,7,2010-09,179900.0,330917.41,12.23,89.98,10.9,16.53,90.33,15.22,10.46,176379.7335186429
19702.0,0,11,2015-09,239900.0,330305.91,44.9,102.42,43.21,50.44,103.01,48.76,44.76,237585.94512787554
28467.0,0,36,2014-08,184900.0,330758.31,29.21,83.24,28.08,34.49,83.76,33.34,31.47,214243.5570820507
33127.0,0,12,2016-09,249000.0,328624.91,39.43,88.16,37.97,45.21,88.7,43.75,40.52,447280.1347888888
32218.0,0,17,2014-08,180450.0,330758.31,29.21,83.24,28.08,34.49,83.76,33.34,31.47,219411.39569465886
70124.0,1,19,2014-12,398000.0,336062.81,33.35,84.4,28.43,38.69,84.69,33.77,32.4,375420.9419086104
23666.0,0,38,2010-04,199900.0,335204.0,7.44,84.6,7.51,11.65,84.26,11.73,14.99,136779.78775470835
19720.0,1,11,2015-02,163250.0,338376.5,29.39,87.66,29.92,34.74,87.73,35.28,36.73,175239.2029762136
29577.0,1,24,2012-05,129000.0,334163.0,12.65,87.97,12.84,17.37,87.78,17.56,21.25,142236.13443587418
70126.0,1,21,2016-06,110000.0,334297.81,33.78,92.81,33.41,39.44,92.74,39.11,43.13,198350.5805202109
21237.0,0,30,2012-11,175000.0,334026.69,26.73,84.6,26.94,31.54,84.96,31.75,27.13,210773.8213259712
77505.0,1,7,2012-03,162000.0,337858.0,12.44,87.51,13.4,17.11,87.23,18.08,19.99,176503.7890803339
36605.0,1,2,2016-09,55000.0,328624.91,39.43,88.16,37.97,45.21,88.7,43.75,40.52,67382.10859990804
70126.0,1,21,2017-01,107450.0,334827.59,33.94,81.16,34.55,39.77,81.15,40.38,41.39,198445.09904340404
93950.0,1,5,2014-10,797000.0,330350.59,33.92,87.53,30.88,39.2,88.09,36.18,30.96,753957.6440826408
93940.0,0,5,2015-09,849000.0,330305.91,44.9,102.42,43.21,50.44,103.01,48.76,44.76,813628.3305463969
93108.0,0,6,2016-01,3975000.0,334690.41,34.63,99.75,38.42,40.19,100.02,43.99,44.09,3063048.265309296
21122.0,1,29,2016-06,299000.0,334297.81,33.78,92.81,33.41,39.44,92.74,39.11,43.13,272313.113911525
96771.0,0,18,2016-10,195000.0,332695.31,38.4,88.32,39.66,44.19,88.83,45.45,40.31,224463.28087787697
77015.0,1,27,2017-05,139000.0,336082.81,30.03,82.17,32.87,35.98,82.17,38.81,42.83,105002.74047341601
19901.0,1,10,2011-03,170000.0,337186.19,3.34,91.53,2.48,7.78,91.31,6.92,9.0,164675.79108042596
23518.0,1,37,2012-09,211445.0,331942.41,24.97,87.01,24.24,29.77,87.39,29.03,25.48,189610.48210710287
29579.0,0,24,2013-09,174898.0,330502.09,24.58,86.94,24.64,29.63,87.11,29.69,24.72,176602.42948303773
33131.0,1,14,2013-06,470000.0,335316.91,17.24,81.99,16.62,22.22,81.89,21.62,24.81,403735.1860027929
96778.0,1,18,2010-04,178888.0,335204.0,7.44,84.6,7.51,11.65,84.26,11.73,14.99,161263.52928620088
70124.0,1,19,2011-11,274450.0,334002.59,11.85,88.68,14.63,16.45,88.98,19.21,15.14,362720.01535453193
70124.0,1,19,2015-08,461500.0,332274.91,39.06,96.73,39.24,44.62,97.4,44.78,43.81,378794.07170506567
19963.0,1,9,2017-04,226990.0,332204.5,34.36,85.64,33.88,40.3,85.58,39.8,43.1,207057.8459124489
29577.0,1,24,2015-10,164900.0,330283.91,45.31,105.73,45.02,50.85,106.3,50.57,45.3,161529.72798267432
94014.0,0,4,2015-01,626500.0,336854.31,27.07,85.42,28.02,32.39,85.66,33.36,33.87,692862.5312088551
21122.0,1,29,2014-08,289999.5,330758.31,29.21,83.24,28.08,34.49,83.76,33.34,31.47,269613.4285928209
21401.0,0,28,2015-10,450000.0,330283.91,45.31,105.73,45.02,50.85,106.3,50.57,45.3,503931.0208396021
19901.0,1,10,2010-11,169900.0,334243.0,10.15,88.19,9.22,14.5,88.34,13.57,10.08,168698.73572383408
28467.0,0,36,2011-07,172900.0,336547.0,6.67,80.86,7.97,11.18,80.88,12.49,14.36,172236.79779271438
19968.0,1,8,2011-07,269900.0,336547.0,6.67,80.86,7.97,11.18,80.88,12.49,14.36,227084.03753770754
28467.0,0,36,2010-09,189000.0,330917.41,12.23,89.98,10.9,16.53,90.33,15.22,10.46,182598.71357127297
29412.0,1,23,2016-02,318400.0,334459.09,36.9,98.31,39.11,42.46,98.51,44.7,45.97,282096.3132490929
33131.0,1,14,2016-10,477495.0,332695.31,38.4,88.32,39.66,44.19,88.83,45.45,40.31,416235.2606950859
77062.0,0,26,2015-04,189000.0,336179.09,29.89,90.77,29.58,35.32,90.78,35.0,37.85,201232.54545095665
19720.0,1,11,2014-07,159950.0,333016.19,24.93,80.02,24.31,30.17,80.14,29.55,30.97,172604.49914220476
32226.0,1,17,2014-09,229990.0,328248.59,30.57,87.45,29.98,35.86,88.04,35.26,30.69,187002.45760938514
29566.0,0,25,2017-02,171450.0,335132.41,34.62,82.1,34.12,40.48,82.05,39.98,41.66,220902.64089931076
29577.0,1,24,2015-07,139900.0,333000.19,34.99,91.49,35.38,40.49,91.86,40.87,43.04,155433.28323671664
29412.0,1,23,2016-04,311000.0,335285.81,37.36,96.32,37.09,43.01,96.17,42.75,45.33,282368.0540032732
11204.0,0,33,2017-07,894000.0,333067.69,36.75,81.64,37.58,42.74,82.02,43.57,44.51,682088.2078681509
77015.0,1,27,2013-08,100000.0,332255.0,21.28,83.97,21.8,26.35,84.21,26.84,24.1,99833.75873629104
21403.0,1,28,2010-10,429000.0,330143.91,14.23,90.22,11.4,18.59,90.42,15.75,10.61,431864.5505094171
29579.0,0,24,2016-02,229900.0,334459.09,36.9,98.31,39.11,42.46,98.51,44.7,45.97,199562.64574056317
19968.0,1,8,2015-04,284445.0,336179.09,29.89,90.77,29.58,35.32,90.78,35.0,37.85,240801.0382161123
33145.0,0,13,2016-06,387450.0,334297.81,33.78,92.81,33.41,39.44,92.74,39.11,43.13,460357.2516757321
29412.0,1,23,2014-03,280000.0,335904.81,22.85,87.09,22.77,28.0,86.95,27.92,30.11,273796.4054311951
70124.0,1,19,2016-09,498000.0,328624.91,39.43,88.16,37.97,45.21,88.7,43.75,40.52,379012.64578994975
29407.0,0,23,2014-09,229000.0,328248.59,30.57,87.45,29.98,35.86,88.04,35.26,30.69,313300.4315876673
21122.0,1,29,2014-07,284949.5,333016.19,24.93,80.02,24.31,30.17,80.14,29.55,30.97,267085.0580974043
23666.0,0,38,2011-11,170900.0,334002.59,11.85,88.68,14.63,16.45,88.98,19.21,15.14,144998.5015287089
21220.0,1,30,2013-01,195000.0,333237.19,23.81,81.56,22.7,28.69,81.37,27.58,28.7,178993.33734996436
21401.0,0,28,2013-02,449900.0,337714.91,21.55,83.92,22.04,26.44,83.57,26.93,28.67,459650.6037715173
29566.0,0,25,2013-10,137975.0,332307.09,27.9,85.47,26.33,32.95,85.84,31.4,26.41,208378.88657702415
36532.0,1,1,2012-07,261571.5,337024.81,15.83,82.51,17.98,20.6,82.57,22.74,25.34,237082.26550135063
93109.0,1,6,2015-04,1162500.0,336179.09,29.89,90.77,29.58,35.32,90.78,35.0,37.85,3020136.619270274
19947.0,0,8,2011-01,195000.0,337258.41,4.02,91.83,4.99,8.4,91.72,9.37,10.03,226666.2378555522
70124.0,1,19,2014-06,444000.0,332034.91,18.58,80.93,20.16,23.81,81.13,25.39,29.0,366695.7007363434
19963.0,1,9,2015-07,239900.0,333000.19,34.99,91.49,35.38,40.49,91.86,40.87,43.04,207430.01259752188
19702.0,0,11,2012-05,185000.0,334163.0,12.65,87.97,12.84,17.37,87.78,17.56,21.25,177483.1063044019
21122.0,1,29,2015-01,279900.0,336854.31,27.07,85.42,28.02,32.39,85.66,33.36,33.87,268349.2433451126
28467.0,0,36,2012-03,163515.0,337858.0,12.44,87.51,13.4,17.11,87.23,18.08,19.99,182990.0808938444
94014.0,0,4,2016-09,699500.0,328624.91,39.43,88.16,37.97,45.21,88.7,43.75,40.52,715897.2936230607
11214.0,1,33,2016-07,610000.0,334806.31,35.35,90.1,35.05,41.08,90.16,40.79,43.64,638451.0601290399
23661.0,1,38,2013-09,134900.0,330502.09,24.58,86.94,24.64,29.63,87.11,29.69,24.72,141404.05823063233
94014.0,0,4,2014-04,574500.0,334425.31,19.01,84.18,19.65,24.2,84.08,24.83,27.97,677841.4806377792
29577.0,1,24,2017-06,159000.0,334922.41,34.27,82.66,34.23,40.2,83.08,40.19,43.57,155007.94988234752
23502.0,0,37,2011-11,167449.5,334002.59,11.85,88.68,14.63,16.45,88.98,19.21,15.14,192974.53650489618
29582.0,1,25,2014-01,216400.0,337416.91,22.25,81.07,22.33,27.36,81.12,27.43,28.28,173496.37191698613
33145.0,0,13,2014-10,324900.0,330350.59,33.92,87.53,30.88,39.2,88.09,36.18,30.96,460618.16322411306
33308.0,1,15,2016-06,429000.0,334297.81,33.78,92.81,33.41,39.44,92.74,39.11,43.13,279289.33790106484
21401.0,0,28,2010-06,496925.0,336233.59,11.25,84.38,9.95,15.51,84.35,14.21,17.66,440454.9684263459
19968.0,1,8,2012-02,246950.0,335684.41,14.28,82.89,14.38,18.91,82.74,19.02,20.37,231579.57479708135
70124.0,1,19,2010-02,270300.0,337393.41,13.11,87.3,10.16,17.27,87.21,14.32,15.98,363464.34872467787
99501.0,1,3,2015-02,279000.0,338376.5,29.39,87.66,29.92,34.74,87.73,35.28,36.73,250686.34862717387
93940.0,0,5,2017-01,832000.0,334827.59,33.94,81.16,34.55,39.77,81.15,40.38,41.39,793202.6836160009
29579.0,0,24,2016-10,229900.0,332695.31,38.4,88.32,39.66,44.19,88.83,45.45,40.31,202358.12661607354
33127.0,0,12,2017-03,284900.0,334131.81,35.83,87.94,34.9,41.7,87.69,40.79,43.1,440570.98068766383
96778.0,1,18,2017-05,207000.0,336082.81,30.03,82.17,32.87,35.98,82.17,38.81,42.83,174608.36327953264
19702.0,0,11,2017-02,185000.0,335132.41,34.62,82.1,34.12,40.48,82.05,39.98,41.66,218427.58286104427
77058.0,1,26,2016-10,237700.0,332695.31,38.4,88.32,39.66,44.19,88.83,45.45,40.31,172181.82293088257
19960.0,0,9,2013-07,218900.0,331324.59,20.72,83.01,19.22,25.76,83.09,24.25,24.83,221405.4547241962
93950.0,1,5,2015-07,855000.0,333000.19,34.99,91.49,35.38,40.49,91.86,40.87,43.04,754589.7367064949
94015.0,1,4,2016-08,769000.0,332246.09,33.93,87.21,35.4,39.68,87.43,41.16,41.18,666426.701493032
77015.0,1,27,2016-07,135000.0,334806.31,35.35,90.1,35.05,41.08,90.16,40.79,43.64,108145.481369588
29579.0,0,24,2013-03,164900.0,88863.8,21.98,84.41,20.56,26.78,84.16,25.48,27.89,171756.92929881968
19947.0,0,8,2011-08,199000.0,329602.81,13.82,83.42,12.2,18.37,83.56,16.75,15.4,244930.04624222015
21403.0,1,28,2013-09,435000.0,330502.09,24.58,86.94,24.64,29.63,87.11,29.69,24.72,437978.71747847344
99501.0,1,3,2012-09,261900.0,331942.41,24.97,87.01,24.24,29.77,87.39,29.03,25.48,248075.27442396333
10304.0,0,31,2013-12,327000.0,335779.0,21.23,83.43,22.49,26.34,83.75,27.58,26.81,433696.48951588466
33130.0,0,14,2014-05,380000.0,334449.31,16.34,85.26,17.98,21.54,85.24,23.18,27.15,420033.47263971606
93950.0,1,5,2015-01,799000.0,336854.31,27.07,85.42,28.02,32.39,85.66,33.36,33.87,749911.0698084343
21060.0,0,29,2012-06,245000.0,336495.0,13.03,84.35,14.34,17.77,84.35,19.07,23.05,272671.85374806414
77015.0,1,27,2014-03,104900.0,335904.81,22.85,87.09,22.77,28.0,86.95,27.92,30.11,100761.22174512375
10023.0,0,34,2017-08,2395000.0,331393.41,41.11,85.58,41.87,47.14,86.26,47.89,45.51,2443678.681300061
39501.0,1,22,2017-04,78950.0,332204.5,34.36,85.64,33.88,40.3,85.58,39.8,43.1,105919.74660885042
10314.0,1,32,2016-08,469000.0,332246.09,33.93,87.21,35.4,39.68,87.43,41.16,41.18,413440.6122156513
21220.0,1,30,2013-02,189000.0,337714.91,21.55,83.92,22.04,26.44,83.57,26.93,28.67,177658.26320986124
33145.0,0,13,2014-08,329000.0,330758.31,29.21,83.24,28.08,34.49,83.76,33.34,31.47,451840.3532750104
32226.0,1,17,2017-08,249900.0,331393.41,41.11,85.58,41.87,47.14,86.26,47.89,45.51,193228.86532473337
19720.0,1,11,2017-03,164900.0,334131.81,35.83,87.94,34.9,41.7,87.69,40.79,43.1,179043.57353473757
21060.0,0,29,2016-03,280890.0,333800.41,39.24,96.2,38.9,44.89,96.36,44.53,46.37,321518.22291281587
33130.0,0,14,2017-01,425000.0,334827.59,33.94,81.16,34.55,39.77,81.15,40.38,41.39,452833.7815790381
33131.0,1,14,2015-02,480000.0,338376.5,29.39,87.66,29.92,34.74,87.73,35.28,36.73,410912.68635777215
21060.0,0,29,2015-01,269990.0,336854.31,27.07,85.42,28.02,32.39,85.66,33.36,33.87,298837.5547428415
21403.0,1,28,2011-12,410000.0,335571.0,13.52,83.22,13.57,18.11,83.49,18.17,16.43,431445.1245627475
94014.0,0,4,2016-05,699000.0,331491.69,32.76,93.57,33.54,38.44,93.48,39.22,42.81,703466.7219966245
29412.0,1,23,2016-06,314500.0,334297.81,33.78,92.81,33.41,39.44,92.74,39.11,43.13,280253.2020468266
23666.0,0,38,2010-10,189000.0,330143.91,14.23,90.22,11.4,18.59,90.42,15.75,10.61,149433.99785118544
36576.0,0,1,2017-01,209950.0,334827.59,33.94,81.16,34.55,39.77,81.15,40.38,41.39,287013.8055632354
93108.0,0,6,2014-07,3949000.0,333016.19,24.93,80.02,24.31,30.17,80.14,29.55,30.97,3044970.8223143285
33129.0,1,13,2015-06,475000.0,335841.31,31.15,91.24,30.98,36.6,91.22,36.44,40.32,419774.04483631183
29582.0,1,25,2013-09,209900.0,330502.09,24.58,86.94,24.64,29.63,87.11,29.69,24.72,174872.79791098624
29579.0,0,24,2013-06,174900.0,335316.91,17.24,81.99,16.62,22.22,81.89,21.62,24.81,162923.20973220683
96778.0,1,18,2016-04,175000.0,335285.81,37.36,96.32,37.09,43.01,96.17,42.75,45.33,178938.49312331848
32218.0,0,17,2016-12,164900.0,336391.59,44.82,84.89,40.95,50.64,85.11,46.76,44.02,248503.03333913712
94015.0,1,4,2015-05,689444.0,335113.91,27.02,89.37,28.55,32.49,89.43,34.0,37.82,662344.6827726283
21403.0,1,28,2010-01,413000.0,336505.31,8.3,84.67,9.54,12.43,84.58,13.67,14.64,428361.4577435712
11204.0,0,33,2017-03,768000.0,334131.81,35.83,87.94,34.9,41.7,87.69,40.79,43.1,680373.6462645045
21401.0,0,28,2012-07,425000.0,337024.81,15.83,82.51,17.98,20.6,82.57,22.74,25.34,448990.5033662376
77062.0,0,26,2015-02,181450.0,338376.5,29.39,87.66,29.92,34.74,87.73,35.28,36.73,200300.71849245316
21060.0,0,29,2013-02,269950.0,337714.91,21.55,83.92,22.04,26.44,83.57,26.93,28.67,288550.1851209632
19947.0,0,8,2011-03,198500.0,337186.19,3.34,91.53,2.48,7.78,91.31,6.92,9.0,225398.95319198747
36576.0,0,1,2014-08,169900.0,330758.31,29.21,83.24,28.08,34.49,83.76,33.34,31.47,278198.7225357926
21060.0,0,29,2017-04,299000.0,332204.5,34.36,85.64,33.88,40.3,85.58,39.8,43.1,312423.59179782204
11214.0,1,33,2015-09,585000.0,330305.91,44.9,102.42,43.21,50.44,103.01,48.76,44.76,644092.6344821306
10314.0,1,32,2017-07,479000.0,333067.69,36.75,81.64,37.58,42.74,82.02,43.57,44.51,415106.50118693046
99501.0,1,3,2011-11,229900.0,334002.59,11.85,88.68,14.63,16.45,88.98,19.21,15.14,240324.75552212566
10069.0,1,34,2016-07,2272500.0,334806.31,35.35,90.1,35.05,41.08,90.16,40.79,43.64,2391916.0024827993
29577.0,1,24,2015-05,135000.0,335113.91,27.02,89.37,28.55,32.49,89.43,34.0,37.82,150725.07930015825
23518.0,1,37,2014-05,247000.0,334449.31,16.34,85.26,17.98,21.54,85.24,23.18,27.15,184512.38926237274
96778.0,1,18,2012-11,159900.0,334026.69,26.73,84.6,26.94,31.54,84.96,31.75,27.13,172658.91873867408
21403.0,1,28,2011-07,427000.0,336547.0,6.67,80.86,7.97,11.18,80.88,12.49,14.36,427398.5502885411
77062.0,0,26,2010-07,163950.0,336201.91,10.64,81.92,10.02,14.92,82.0,14.31,15.38,165357.20754857315
96771.0,0,18,2017-09,214250.0,333942.19,45.5,86.53,44.07,51.54,87.08,50.1,45.28,237695.2236886262
33309.0,0,15,2014-04,119300.0,334425.31,19.01,84.18,19.65,24.2,84.08,24.83,27.97,290792.7281613054
23666.0,0,38,2014-04,175500.0,334425.31,19.01,84.18,19.65,24.2,84.08,24.83,27.97,158342.26357447857
93108.0,0,6,2016-12,4145000.0,336391.59,44.82,84.89,40.95,50.64,85.11,46.76,44.02,3082038.8987235967
19904.0,0,10,2016-06,204900.0,334297.81,33.78,92.81,33.41,39.44,92.74,39.11,43.13,221687.49873235426
10304.0,0,31,2015-08,472450.0,332274.91,39.06,96.73,39.24,44.62,97.4,44.78,43.81,466925.43885611836
29407.0,0,23,2017-09,299900.0,333942.19,45.5,86.53,44.07,51.54,87.08,50.1,45.28,341124.7845685809
10305.0,1,31,2015-10,439000.0,330283.91,45.31,105.73,45.02,50.85,106.3,50.57,45.3,424867.02863749454
77015.0,1,27,2011-05,89900.0,336056.19,2.9,87.98,2.17,7.38,87.72,6.65,10.54,88975.9433844788
23666.0,0,38,2016-07,174700.0,334806.31,35.35,90.1,35.05,41.08,90.16,40.79,43.64,188794.36857837188
10305.0,1,31,2012-05,368999.0,334163.0,12.65,87.97,12.84,17.37,87.78,17.56,21.25,405573.43509069434
93950.0,1,5,2012-11,669000.0,334026.69,26.73,84.6,26.94,31.54,84.96,31.75,27.13,749710.217946649
96778.0,1,18,2013-08,194500.0,332255.0,21.28,83.97,21.8,26.35,84.21,26.84,24.1,169439.38154240767
39501.0,1,22,2017-06,85000.0,334922.41,34.27,82.66,34.23,40.2,83.08,40.19,43.57,105866.57993955429
10003.0,0,35,2017-08,2495000.0,331393.41,41.11,85.58,41.87,47.14,86.26,47.89,45.51,2449552.3585046753
93108.0,0,6,2013-06,3250000.0,335316.91,17.24,81.99,16.62,22.22,81.89,21.62,24.81,3030639.3236925453
19904.0,0,10,2014-03,189947.5,335904.81,22.85,87.09,22.77,28.0,86.95,27.92,30.11,201317.76141946847
94015.0,1,4,2017-06,799999.0,334922.41,34.27,82.66,34.23,40.2,83.08,40.19,43.57,666627.5533548176
33131.0,1,14,2015-11,495000.0,331748.31,44.24,106.84,44.11,49.8,107.34,49.66,45.36,419685.18679163564
77062.0,0,26,2012-12,159850.0,336879.19,24.69,81.32,25.57,29.54,81.55,30.41,27.94,191541.54508252058
33309.0,0,15,2014-05,119300.0,334449.31,16.34,85.26,17.98,21.54,85.24,23.18,27.15,285816.7722028969
21403.0,1,28,2016-07,473650.0,334806.31,35.35,90.1,35.05,41.08,90.16,40.79,43.64,444340.99557091185
33131.0,1,14,2015-10,485000.0,330283.91,45.31,105.73,45.02,50.85,106.3,50.57,45.3,420317.2794154898
19904.0,0,10,2016-10,212900.0,332695.31,38.4,88.32,39.66,44.19,88.83,45.45,40.31,230297.5798289263
96771.0,0,18,2014-08,197000.0,330758.31,29.21,83.24,28.08,34.49,83.76,33.34,31.47,207336.30138058326
23518.0,1,37,2010-07,229000.0,336201.91,10.64,81.92,10.02,14.92,82.0,14.31,15.38,181145.16687361704
33309.0,0,15,2016-03,145000.0,333800.41,39.24,96.2,38.9,44.89,96.36,44.53,46.37,328494.44690235576
36532.0,1,1,2017-03,353825.0,334131.81,35.83,87.94,34.9,41.7,87.69,40.79,43.1,248897.08090049343
39501.0,1,22,2012-12,70250.0,336879.19,24.69,81.32,25.57,29.54,81.55,30.41,27.94,100207.28336336488
33130.0,0,14,2016-08,425000.0,332246.09,33.93,87.21,35.4,39.68,87.43,41.16,41.18,452815.145039868
33129.0,1,13,2015-01,483900.0,336854.31,27.07,85.42,28.02,32.39,85.66,33.36,33.87,417363.82249488664
94014.0,0,4,2015-10,684475.0,330283.91,45.31,105.73,45.02,50.85,106.3,50.57,45.3,726855.5786550615
39503.0,0,22,2017-06,169900.0,334922.41,34.27,82.66,34.23,40.2,83.08,40.19,43.57,145519.86599604168
10314.0,1,32,2013-12,360000.0,335779.0,21.23,83.43,22.49,26.34,83.75,27.58,26.81,405938.2044371957
33131.0,1,14,2010-07,299000.0,336201.91,10.64,81.92,10.02,14.92,82.0,14.31,15.38,399836.29692107585
29577.0,1,24,2012-12,133900.0,336879.19,24.69,81.32,25.57,29.54,81.55,30.41,27.94,149348.6533061581
19904.0,0,10,2012-03,162250.0,337858.0,12.44,87.51,13.4,17.11,87.23,18.08,19.99,181917.12414342628
19963.0,1,9,2014-07,214945.0,333016.19,24.93,80.02,24.31,30.17,80.14,29.55,30.97,201487.1604517531
10304.0,0,31,2014-12,395000.0,336062.81,33.35,84.4,28.43,38.69,84.69,33.77,32.4,456283.97499000875
36605.0,1,2,2014-09,59900.0,328248.59,30.57,87.45,29.98,35.86,88.04,35.26,30.69,62148.14537808779
96778.0,1,18,2013-06,195000.0,335316.91,17.24,81.99,16.62,22.22,81.89,21.62,24.81,167052.78883178084
96771.0,0,18,2017-06,210000.0,334922.41,34.27,82.66,34.23,40.2,83.08,40.19,43.57,216766.39020063833
19963.0,1,9,2010-03,182500.0,335680.31,7.35,86.05,8.53,11.56,85.81,12.72,15.0,191101.9377159066
19963.0,1,9,2011-07,199900.0,336547.0,6.67,80.86,7.97,11.18,80.88,12.49,14.36,190700.23399233574
33130.0,0,14,2013-05,350000.0,335043.81,14.71,87.29,16.05,19.7,87.01,21.03,25.07,416995.71675499476
77505.0,1,7,2010-04,164700.0,335204.0,7.44,84.6,7.51,11.65,84.26,11.73,14.99,173550.08523054817
96771.0,0,18,2016-11,196500.0,330627.09,41.62,86.87,40.88,47.43,87.37,46.68,41.89,230464.24649063929
39501.0,1,22,2010-05,89800.0,336418.59,10.23,85.01,8.67,14.47,84.8,12.92,16.93,91665.17182978467
96778.0,1,18,2016-07,179900.0,334806.31,35.35,90.1,35.05,41.08,90.16,40.79,43.64,177751.10417570465
28467.0,0,36,2013-11,179900.0,334475.81,25.88,83.02,25.08,30.95,83.35,30.16,27.03,208037.5895384176
32226.0,1,17,2015-03,240990.0,335135.59,28.94,88.54,30.3,34.3,88.6,35.69,37.69,186039.550154355
39503.0,0,22,2015-05,157395.0,335113.91,27.02,89.37,28.55,32.49,89.43,34.0,37.82,132008.3750977414
21237.0,0,30,2017-06,216425.0,334922.41,34.27,82.66,34.23,40.2,83.08,40.19,43.57,224825.77186020347
29582.0,1,25,2014-05,224900.0,334449.31,16.34,85.26,17.98,21.54,85.24,23.18,27.15,170005.09396653943
96771.0,0,18,2015-10,182500.0,330283.91,45.31,105.73,45.02,50.85,106.3,50.57,45.3,237341.1294443949
23518.0,1,37,2011-03,219450.0,337186.19,3.34,91.53,2.48,7.78,91.31,6.92,9.0,176832.75925292994
36576.0,0,1,2016-10,199945.0,332695.31,38.4,88.32,39.66,44.19,88.83,45.45,40.31,295325.70203308633
99501.0,1,3,2013-05,280900.0,335043.81,14.71,87.29,16.05,19.7,87.01,21.03,25.07,242014.27412420308
19904.0,0,10,2016-07,209900.0,334806.31,35.35,90.1,35.05,41.08,90.16,40.79,43.64,224613.43538205518
36532.0,1,1,2011-08,258450.0,329602.81,13.82,83.42,12.2,18.37,83.56,16.75,15.4,235894.8765537368
23661.0,1,38,2011-08,124900.0,329602.81,13.82,83.42,12.2,18.37,83.56,16.75,15.4,135047.6875458935
93950.0,1,5,2013-10,734900.0,332307.09,27.9,85.47,26.33,32.95,85.84,31.4,26.41,750401.3846474988
21401.0,0,28,2015-07,479900.0,333000.19,34.99,91.49,35.38,40.49,91.86,40.87,43.04,484698.11241609056
33131.0,1,14,2012-02,369700.0,335684.41,14.28,82.89,14.38,18.91,82.74,19.02,20.37,401986.5933237198
10305.0,1,31,2012-10,349000.0,329162.69,28.22,87.47,27.13,33.04,87.8,31.93,26.71,414771.268878927
10010.0,1,35,2016-02,2400000.0,334459.09,36.9,98.31,39.11,42.46,98.51,44.7,45.97,2398705.3278808477
21237.0,0,30,2016-04,191200.0,335285.81,37.36,96.32,37.09,43.01,96.17,42.75,45.33,230584.4624637549
33062.0,1,16,2014-05,339000.0,334449.31,16.34,85.26,17.98,21.54,85.24,23.18,27.15,309123.6326129697
93109.0,1,6,2016-01,1450000.0,334690.41,34.63,99.75,38.42,40.19,100.02,43.99,44.09,3022936.7305198708
28467.0,0,36,2010-05,199900.0,336418.59,10.23,85.01,8.67,14.47,84.8,12.92,16.93,178871.40573725908
29577.0,1,24,2015-01,135000.0,336854.31,27.07,85.42,28.02,32.39,85.66,33.36,33.87,150754.6163386561
23661.0,1,38,2011-11,125950.0,334002.59,11.85,88.68,14.63,16.45,88.98,19.21,15.14,133883.92822907795
21237.0,0,30,2017-08,219900.0,331393.41,41.11,85.58,41.87,47.14,86.26,47.89,45.51,237573.16465253092
29407.0,0,23,2016-04,295000.0,335285.81,37.36,96.32,37.09,43.01,96.17,42.75,45.33,325954.64168414444
39501.0,1,22,2013-12,59900.0,335779.0,21.23,83.43,22.49,26.34,83.75,27.58,26.81,98163.32029931319
21060.0,0,29,2011-03,224900.0,337186.19,3.34,91.53,2.48,7.78,91.31,6.92,9.0,254613.0472922669
19702.0,0,11,2016-04,214900.0,335285.81,37.36,96.32,37.09,43.01,96.17,42.75,45.33,223533.99459364326
29407.0,0,23,2015-09,279000.0,330305.91,44.9,102.42,43.21,50.44,103.01,48.76,44.76,340006.5922183767
29412.0,1,23,2013-11,269000.0,334475.81,25.88,83.02,25.08,30.95,83.35,30.16,27.03,275586.3499641652
21220.0,1,30,2013-05,182000.0,335043.81,14.71,87.29,16.05,19.7,87.01,21.03,25.07,173617.59634335444
21060.0,0,29,2010-08,239000.0,331431.5,11.25,85.96,10.05,15.56,86.31,14.35,12.1,269354.54977579176
99508.0,0,3,2017-06,229900.0,334922.41,34.27,82.66,34.23,40.2,83.08,40.19,43.57,293222.4496410521
23666.0,0,38,2013-08,170950.0,332255.0,21.28,83.97,21.8,26.35,84.21,26.84,24.1,162572.75796608432
33309.0,0,15,2015-12,142000.0,334989.5,41.5,104.33,40.67,47.06,104.88,46.24,44.23,332706.30475479143
23666.0,0,38,2017-04,185450.0,332204.5,34.36,85.64,33.88,40.3,85.58,39.8,43.1,186949.35120053502
33308.0,1,15,2013-02,359000.0,337714.91,21.55,83.92,22.04,26.44,83.57,26.93,28.67,272064.57828448905
29412.0,1,23,2017-04,375000.0,332204.5,34.36,85.64,33.88,40.3,85.58,39.8,43.1,280595.83169340173
19960.0,0,9,2016-04,234400.0,335285.81,37.36,96.32,37.09,43.01,96.17,42.75,45.33,252416.6559031916
32226.0,1,17,2016-05,240950.0,331491.69,32.76,93.57,33.54,38.44,93.48,39.22,42.81,188296.17989559128
21060.0,0,29,2013-05,274900.0,335043.81,14.71,87.29,16.05,19.7,87.01,21.03,25.07,275802.79232863575
21401.0,0,28,2013-10,499900.0,332307.09,27.9,85.47,26.33,32.95,85.84,31.4,26.41,471484.8061445113
93108.0,0,6,2013-07,3390000.0,331324.59,20.72,83.01,19.22,25.76,83.09,24.25,24.83,3037124.8393237293
29412.0,1,23,2016-12,324999.0,336391.59,44.82,84.89,40.95,50.64,85.11,46.76,44.02,286774.98014715343
77020.0,0,27,2016-10,132900.0,332695.31,38.4,88.32,39.66,44.19,88.83,45.45,40.31,154857.65807176032
33145.0,0,13,2014-01,280000.0,337416.91,22.25,81.07,22.33,27.36,81.12,27.43,28.28,438869.32201264217
39503.0,0,22,2016-02,149900.0,334459.09,36.9,98.31,39.11,42.46,98.51,44.7,45.97,150421.27579776992
29582.0,1,25,2014-12,235000.0,336062.81,33.35,84.4,28.43,38.69,84.69,33.77,32.4,180053.59446351035
21220.0,1,30,2014-01,189450.0,337416.91,22.25,81.07,22.33,27.36,81.12,27.43,28.28,178071.78174883127
21237.0,0,30,2016-06,185000.0,334297.81,33.78,92.81,33.41,39.44,92.74,39.11,43.13,223912.58144087007
21237.0,0,30,2014-12,179950.0,336062.81,33.35,84.4,28.43,38.69,84.69,33.77,32.4,223111.2102565571
36606.0,0,2,2014-07,99000.0,333016.19,24.93,80.02,24.31,30.17,80.14,29.55,30.97,86580.64469857185
19963.0,1,9,2010-04,189950.0,335204.0,7.44,84.6,7.51,11.65,84.26,11.73,14.99,191155.10438520272
39503.0,0,22,2015-11,155000.0,331748.31,44.24,106.84,44.11,49.8,107.34,49.66,45.36,164100.49554860085
23518.0,1,37,2017-08,228450.0,331393.41,41.11,85.58,41.87,47.14,86.26,47.89,45.51,199145.03813421106
19968.0,1,8,2010-07,287000.0,336201.91,10.64,81.92,10.02,14.92,82.0,14.31,15.38,229429.27839443737
10314.0,1,32,2014-09,409000.0,328248.59,30.57,87.45,29.98,35.86,88.04,35.26,30.69,411455.72322859534
28467.0,0,36,2015-10,192613.0,330283.91,45.31,105.73,45.02,50.85,106.3,50.57,45.3,244248.38514586235
23666.0,0,38,2012-10,155000.0,329162.69,28.22,87.47,27.13,33.04,87.8,31.93,26.71,175506.51615011244
19960.0,0,9,2014-04,219900.0,334425.31,19.01,84.18,19.65,24.2,84.08,24.83,27.97,218218.60652611434
29566.0,0,25,2014-05,145000.0,334449.31,16.34,85.26,17.98,21.54,85.24,23.18,27.15,186835.047296424
21122.0,1,29,2014-03,298500.0,335904.81,22.85,87.09,22.77,28.0,86.95,27.92,30.11,265856.3172958935
39501.0,1,22,2014-10,79000.0,330350.59,33.92,87.53,30.88,39.2,88.09,36.18,30.96,105659.82067006928
32218.0,0,17,2014-11,181990.0,333215.59,28.6,88.56,29.1,33.9,89.07,34.41,30.66,218274.56680528464
28467.0,0,36,2015-06,190900.0,335841.31,31.15,91.24,30.98,36.6,91.22,36.44,40.32,217859.04568104417
36605.0,1,2,2015-06,59900.0,335841.31,31.15,91.24,30.98,36.6,91.22,36.44,40.32,62490.775024662944
21060.0,0,29,2016-02,274999.5,334459.09,36.9,98.31,39.11,42.46,98.51,44.7,45.97,317157.27274701966
23661.0,1,38,2014-10,134500.0,330350.59,33.92,87.53,30.88,39.2,88.09,36.18,30.96,146921.577022032
23661.0,1,38,2013-12,129900.0,335779.0,21.23,83.43,22.49,26.34,83.75,27.58,26.81,139425.07665127591
10306.0,0,32,2012-07,379000.0,337024.81,15.83,82.51,17.98,20.6,82.57,22.74,25.34,418928.97190431633
93108.0,0,6,2013-08,3439000.0,332255.0,21.28,83.97,21.8,26.35,84.21,26.84,24.1,3038168.485517253
10314.0,1,32,2014-05,369900.0,334449.31,16.34,85.26,17.98,21.54,85.24,23.18,27.15,403049.4820721053
33060.0,0,16,2016-10,239950.0,332695.31,38.4,88.32,39.66,44.19,88.83,45.45,40.31,367065.7913520272
33145.0,0,13,2016-08,395000.0,332246.09,33.93,87.21,35.4,39.68,87.43,41.16,41.18,460636.7997632831
19960.0,0,9,2013-12,220900.0,335779.0,21.23,83.43,22.49,26.34,83.75,27.58,26.81,222355.91822186974
94015.0,1,4,2016-07,759500.0,334806.31,35.35,90.1,35.05,41.08,90.16,40.79,43.64,667265.5533863713
33308.0,1,15,2013-06,375000.0,335316.91,17.24,81.99,16.62,22.22,81.89,21.62,24.81,269518.4855659738
21401.0,0,28,2015-01,450000.0,336854.31,27.07,85.42,28.02,32.39,85.66,33.36,33.87,469937.9733933956
33308.0,1,15,2010-06,295000.0,336233.59,11.25,84.38,9.95,15.51,84.35,14.21,17.66,265979.9483539305
33308.0,1,15,2014-10,350000.0,330350.59,33.92,87.53,30.88,39.2,88.09,36.18,30.96,279372.04160885885
21403.0,1,28,2013-04,470000.0,334704.41,18.24,88.5,17.88,23.19,88.22,22.83,26.24,434233.4209969452
77015.0,1,27,2015-10,126450.0,330283.91,45.31,105.73,45.02,50.85,106.3,50.57,45.3,114029.25943836108
19968.0,1,8,2013-01,254900.0,333237.19,23.81,81.56,22.7,28.69,81.37,27.58,28.7,237209.3343347729
21403.0,1,28,2011-02,394000.0,334478.31,4.76,90.63,4.1,9.12,90.4,8.5,10.02,426270.23541792296
93950.0,1,5,2010-04,670000.0,335204.0,7.44,84.6,7.51,11.65,84.26,11.73,14.99,738314.8284941758
36532.0,1,1,2012-11,258950.0,334026.69,26.73,84.6,26.94,31.54,84.96,31.75,27.13,243521.33989388344
77505.0,1,7,2014-09,191250.0,328248.59,30.57,87.45,29.98,35.86,88.04,35.26,30.69,187213.9192396568
96771.0,0,18,2014-09,205500.0,328248.59,30.57,87.45,29.98,35.86,88.04,35.26,30.69,209870.87070771266
19702.0,0,11,2013-11,217500.0,334475.81,25.88,83.02,25.08,30.95,83.35,30.16,27.03,202139.24762640364
77015.0,1,27,2010-03,91000.0,335680.31,7.35,86.05,8.53,11.56,85.81,12.72,15.0,91604.7398107881
28467.0,0,36,2013-08,171695.0,332255.0,21.28,83.97,21.8,26.35,84.21,26.84,24.1,199464.7815201857
77015.0,1,27,2014-10,105000.0,330350.59,33.92,87.53,30.88,39.2,88.09,36.18,30.96,107300.72206854928
36605.0,1,2,2014-02,66950.0,338113.59,24.61,83.87,23.5,29.73,83.75,28.62,30.22,58627.33038914326
29582.0,1,25,2016-05,248000.0,331491.69,32.76,93.57,33.54,38.44,93.48,39.22,42.81,179705.05740923565
29579.0,0,24,2016-05,233900.0,331491.69,32.76,93.57,33.54,38.44,93.48,39.22,42.81,191847.11852415444
99508.0,0,3,2015-09,249000.0,330305.91,44.9,102.42,43.21,50.44,103.01,48.76,44.76,313033.0907788358
23518.0,1,37,2010-05,234700.0,336418.59,10.23,85.01,8.67,14.47,84.8,12.92,16.93,180902.96315793463
33062.0,1,16,2012-11,327000.0,334026.69,26.73,84.6,26.94,31.54,84.96,31.75,27.13,315261.4292128243
21122.0,1,29,2014-10,284900.0,330350.59,33.92,87.53,30.88,39.2,88.09,36.18,30.96,272395.817619319
21403.0,1,28,2012-08,449000.0,331282.41,22.0,83.78,21.57,26.75,84.01,26.35,25.98,436454.60629198403
23666.0,0,38,2012-03,159900.0,337858.0,12.44,87.51,13.4,17.11,87.23,18.08,19.99,146098.057339743
33308.0,1,15,2016-10,435000.0,332695.31,38.4,88.32,39.66,44.19,88.83,45.45,40.31,282018.5602582668
21060.0,0,29,2016-05,279900.0,331491.69,32.76,93.57,33.54,38.44,93.48,39.22,42.81,309441.74553061096
36532.0,1,1,2013-04,264900.0,334704.41,18.24,88.5,17.88,23.19,88.22,22.83,26.24,238505.95075694734
23502.0,0,37,2012-04,155000.0,332401.41,12.04,88.15,12.73,16.71,87.79,17.42,20.11,193328.63074912748
29579.0,0,24,2015-03,179900.0,335135.59,28.94,88.54,30.3,34.3,88.6,35.69,37.69,184727.96056118797
21237.0,0,30,2012-12,178500.0,336879.19,24.69,81.32,25.57,29.54,81.55,30.41,27.94,206971.96733527703
10304.0,0,31,2017-07,599999.0,333067.69,36.75,81.64,37.58,42.74,82.02,43.57,44.51,462620.3983078323
23502.0,0,37,2014-02,180900.0,338113.59,24.61,83.87,23.5,29.73,83.75,28.62,30.22,216754.76048590467
19963.0,1,9,2013-04,218000.0,334704.41,18.24,88.5,17.88,23.19,88.22,22.83,26.24,197535.10470073982
29577.0,1,24,2014-05,138450.0,334449.31,16.34,85.26,17.98,21.54,85.24,23.18,27.15,144415.96787701602
36576.0,0,1,2013-09,179900.0,330502.09,24.58,86.94,24.64,29.63,87.11,29.69,24.72,269570.00490005047
19947.0,0,8,2013-02,207400.0,337714.91,21.55,83.92,22.04,26.44,83.57,26.93,28.67,259336.09102068376
11214.0,1,33,2014-12,575000.0,336062.81,33.35,84.4,28.43,38.69,84.69,33.77,32.4,637269.5785891257
33062.0,1,16,2016-02,366250.0,334459.09,36.9,98.31,39.11,42.46,98.51,44.7,45.97,321269.2628432885
70124.0,1,19,2015-10,475000.0,330283.91,45.31,105.73,45.02,50.85,106.3,50.57,45.3,382486.20151729777
23661.0,1,38,2010-10,144900.0,330143.91,14.23,90.22,11.4,18.59,90.42,15.75,10.61,135289.89126157595
33308.0,1,15,2014-07,330000.0,333016.19,24.93,80.02,24.31,30.17,80.14,29.55,30.97,274061.2820869442
21401.0,0,28,2015-03,484000.0,335135.59,28.94,88.54,30.3,34.3,88.6,35.69,37.69,473423.00621819857
21060.0,0,29,2014-04,284900.0,334425.31,19.01,84.18,19.65,24.2,84.08,24.83,27.97,283816.5041717656
23518.0,1,37,2011-05,209000.0,336056.19,2.9,87.98,2.17,7.38,87.72,6.65,10.54,176572.8333141488
10304.0,0,31,2016-07,548400.0,334806.31,35.35,90.1,35.05,41.08,90.16,40.79,43.64,460011.28282402264
19968.0,1,8,2012-12,249990.0,336879.19,24.69,81.32,25.57,29.54,81.55,30.41,27.94,237729.1862123352
11204.0,0,33,2016-04,725000.0,335285.81,37.36,96.32,37.09,43.01,96.17,42.75,45.33,683225.036757525
11214.0,1,33,2014-04,478000.0,334425.31,19.01,84.18,19.65,24.2,84.08,24.83,27.97,628798.3559479404
23518.0,1,37,2011-04,215450.0,334905.09,1.92,92.41,1.26,6.37,92.14,5.72,8.69,175993.90735959078
19960.0,0,9,2016-11,235000.0,330627.09,41.62,86.87,40.88,47.43,87.37,46.68,41.89,260355.82158964116
23666.0,0,38,2010-06,199000.0,336233.59,11.25,84.38,9.95,15.51,84.35,14.21,17.66,143880.30917850474
21403.0,1,28,2010-07,425000.0,336201.91,10.64,81.92,10.02,14.92,82.0,14.31,15.38,429743.7911452709
19904.0,0,10,2011-02,188250.0,334478.31,4.76,90.63,4.1,9.12,90.4,8.5,10.02,167604.26206081302
10304.0,0,31,2013-04,339000.0,334704.41,18.24,88.5,17.88,23.19,88.22,22.83,26.24,428124.16430403397
19960.0,0,9,2016-09,234500.0,328624.91,39.43,88.16,37.97,45.21,88.7,43.75,40.52,256274.41951139597
33308.0,1,15,2014-01,372499.5,337416.91,22.25,81.07,22.33,27.36,81.12,27.43,28.28,272478.096823459
36606.0,0,2,2015-09,110065.0,330305.91,44.9,102.42,43.21,50.44,103.01,48.76,44.76,123797.81342120034
28467.0,0,36,2010-10,189000.0,330143.91,14.23,90.22,11.4,18.59,90.42,15.75,10.61,186326.02140528683
77505.0,1,7,2013-06,169900.0,335316.91,17.24,81.99,16.62,22.22,81.89,21.62,24.81,179339.34477612816
96778.0,1,18,2010-06,173999.5,336233.59,11.25,84.38,9.95,15.51,84.35,14.21,17.66,163514.2516197376
21403.0,1,28,2016-12,437000.0,336391.59,44.82,84.89,40.95,50.64,85.11,46.76,44.02,449935.3106624059
19963.0,1,9,2013-08,214900.0,332255.0,21.28,83.97,21.8,26.35,84.21,26.84,24.1,199330.95664140955
33130.0,0,14,2013-04,349000.0,334704.41,18.24,88.5,17.88,23.19,88.22,22.83,26.24,423574.41508202924
19901.0,1,10,2016-01,199500.0,334690.41,34.63,99.75,38.42,40.19,100.02,43.99,44.09,183160.06977238483
96778.0,1,18,2015-01,179000.0,336854.31,27.07,85.42,28.02,32.39,85.66,33.36,33.87,172859.7706004595
19960.0,0,9,2017-01,235000.0,334827.59,33.94,81.16,34.55,39.77,81.15,40.38,41.39,246042.95950702787
33309.0,0,15,2014-06,122400.0,332034.91,18.58,80.93,20.16,23.81,81.13,25.39,29.0,289991.35697699245
93108.0,0,6,2014-09,4095000.0,328248.59,30.57,87.45,29.98,35.86,88.04,35.26,30.69,3055481.8304062476
10306.0,0,32,2010-07,394000.0,336201.91,10.64,81.92,10.02,14.92,82.0,14.31,15.38,409256.6080750503
19968.0,1,8,2016-03,294990.0,333800.41,39.24,96.2,38.9,44.89,96.36,44.53,46.37,246324.46441521155
21060.0,0,29,2010-03,237750.0,335680.31,7.35,86.05,8.53,11.56,85.81,12.72,15.0,262086.29949946475
21060.0,0,29,2012-08,256575.0,331282.41,22.0,83.78,21.57,26.75,84.01,26.35,25.98,289388.82938361634
29407.0,0,23,2014-05,239000.0,334449.31,16.34,85.26,17.98,21.54,85.24,23.18,27.15,286780.63634865865
93950.0,1,5,2015-09,984000.0,330305.91,44.9,102.42,43.21,50.44,103.01,48.76,44.76,760443.9777367702
93109.0,1,6,2015-03,1154000.0,335135.59,28.94,88.54,30.3,34.3,88.6,35.69,37.69,3019575.4155388144
19963.0,1,9,2012-03,175000.0,337858.0,12.44,87.51,13.4,17.11,87.23,18.08,19.99,194108.80823498842
29566.0,0,25,2012-08,130000.0,331282.41,22.0,83.78,21.57,26.75,84.01,26.35,25.98,197383.32846668325
23518.0,1,37,2012-11,219900.0,334026.69,26.73,84.6,26.94,31.54,84.96,31.75,27.13,190650.1858622274
77505.0,1,7,2011-07,169700.0,336547.0,6.67,80.86,7.97,11.18,80.88,12.49,14.36,173095.2148376812
77505.0,1,7,2016-02,199900.0,334459.09,36.9,98.31,39.11,42.46,98.51,44.7,45.97,190953.3083134855
29566.0,0,25,2013-04,135400.0,334704.41,18.24,88.5,17.88,23.19,88.22,22.83,26.24,190375.98973873717
21403.0,1,28,2015-03,399900.0,335135.59,28.94,88.54,30.3,34.3,88.6,35.69,37.69,440554.34723548655
11214.0,1,33,2017-07,639000.0,333067.69,36.75,81.64,37.58,42.74,82.02,43.57,44.51,639278.0972069799
21122.0,1,29,2011-10,269900.0,328861.91,18.03,87.64,16.34,22.58,87.9,20.91,15.64,263008.94678470003
19947.0,0,8,2012-03,190400.0,337858.0,12.44,87.51,13.4,17.11,87.23,18.08,19.99,242358.2038367506
93109.0,1,6,2016-07,1449500.0,334806.31,35.35,90.1,35.05,41.08,90.16,40.79,43.64,3023362.0638742396
99501.0,1,3,2015-06,288000.0,335841.31,31.15,91.24,30.98,36.6,91.22,36.44,40.32,251726.05238229845
32226.0,1,17,2014-07,237400.0,333016.19,24.93,80.02,24.31,30.17,80.14,29.55,30.97,183670.67966682688
39501.0,1,22,2014-02,64900.0,338113.59,24.61,83.87,23.5,29.73,83.75,28.62,30.22,100160.02410176833
70124.0,1,19,2012-08,299000.0,331282.41,22.0,83.78,21.57,26.75,84.01,26.35,25.98,368716.03416959685
33131.0,1,14,2012-09,447000.0,331942.41,24.97,87.01,24.24,29.77,87.39,29.03,25.48,408301.6121545616
10306.0,0,32,2010-06,399000.0,336233.59,11.25,84.38,9.95,15.51,84.35,14.21,17.66,410393.43696442456
33308.0,1,15,2012-10,319000.0,329162.69,28.22,87.47,27.13,33.04,87.8,31.93,26.71,276004.81922010315
23666.0,0,38,2011-02,171950.0,334478.31,4.76,90.63,4.1,9.12,90.4,8.5,10.02,131785.19525712976
33131.0,1,14,2010-10,299000.0,330143.91,14.23,90.22,11.4,18.59,90.42,15.75,10.61,401957.05628522194
21122.0,1,29,2014-02,298900.0,338113.59,24.61,83.87,23.5,29.73,83.75,28.62,30.22,266896.02105101803
99501.0,1,3,2016-12,295000.0,336391.59,44.82,84.89,40.95,50.64,85.11,46.76,44.02,259801.4787076125
96778.0,1,18,2013-09,189000.0,330502.09,24.58,86.94,24.64,29.63,87.11,29.69,24.72,171388.82608326623
19968.0,1,8,2011-06,279450.0,335755.41,6.28,83.36,5.37,10.77,83.3,9.86,13.64,226853.64863742425
19702.0,0,11,2013-05,220000.0,335043.81,14.71,87.29,16.05,19.7,87.01,21.03,25.07,181322.2333734362
93950.0,1,5,2010-07,635000.0,336201.91,10.64,81.92,10.02,14.92,82.0,14.31,15.38,740205.1989580386
29407.0,0,23,2016-01,254750.0,334690.41,34.63,99.75,38.42,40.19,100.02,43.99,44.09,320866.86649071553
36576.0,0,1,2013-11,180000.0,334475.81,25.88,83.02,25.08,30.95,83.35,30.16,27.03,271992.7549921595
36532.0,1,1,2010-10,269900.0,330143.91,14.23,90.22,11.4,18.59,90.42,15.75,10.61,236137.08026941924
10306.0,0,32,2010-12,395000.0,335600.69,5.79,88.22,6.6,10.17,88.07,10.96,9.85,400217.8865775667
33130.0,0,14,2016-06,415000.0,334297.81,33.78,92.81,33.41,39.44,92.74,39.11,43.13,452535.596952317
33145.0,0,13,2017-02,397000.0,335132.41,34.62,82.1,34.12,40.48,82.05,39.98,41.66,461922.7209660179
21060.0,0,29,2010-09,259450.0,330917.41,12.23,89.98,10.9,16.53,90.33,15.22,10.46,271180.9306144586
23666.0,0,38,2016-12,174450.0,336391.59,44.82,84.89,40.95,50.64,85.11,46.76,44.02,206443.17117242757
33131.0,1,14,2016-08,475000.0,332246.09,33.93,87.21,35.4,39.68,87.43,41.16,41.18,413594.6494533776
32226.0,1,17,2013-11,237450.0,334475.81,25.88,83.02,25.08,30.95,83.35,30.16,27.03,184231.88339828615
28467.0,0,36,2017-04,209777.5,332204.5,34.36,85.64,33.88,40.3,85.58,39.8,43.1,223841.37475463643
77062.0,0,26,2015-06,198000.0,335841.31,31.15,91.24,30.98,36.6,91.22,36.44,40.32,203580.74938638537
29407.0,0,23,2016-03,274949.5,333800.41,39.24,96.2,38.9,44.89,96.36,44.53,46.37,329458.31104811747
77015.0,1,27,2010-04,89900.0,335204.0,7.44,84.6,7.51,11.65,84.26,11.73,14.99,91657.90648008423
19960.0,0,9,2013-04,222900.0,334704.41,18.24,88.5,17.88,23.19,88.22,22.83,26.24,216783.593010019
28467.0,0,36,2010-12,179900.0,335600.69,5.79,88.22,6.6,10.17,88.07,10.96,9.85,170596.78234574827
36606.0,0,2,2016-12,91500.0,336391.59,44.82,84.89,40.95,50.64,85.11,46.76,44.02,123648.72110783978
77505.0,1,7,2010-08,177000.0,331431.5,11.25,85.96,10.05,15.56,86.31,14.35,12.1,175800.80756408488
19720.0,1,11,2014-09,170000.0,328248.59,30.57,87.45,29.98,35.86,88.04,35.26,30.69,175936.27708476302
96778.0,1,18,2012-05,179000.0,334163.0,12.65,87.97,12.84,17.37,87.78,17.56,21.25,164341.28869767758
33130.0,0,14,2015-07,403900.0,333000.19,34.99,91.49,35.38,40.49,91.86,40.87,43.04,454790.6181918954
29577.0,1,24,2014-10,135000.0,330350.59,33.92,87.53,30.88,39.2,88.09,36.18,30.96,154801.19061286253
99501.0,1,3,2016-09,287000.0,328624.91,39.43,88.16,37.97,45.21,88.7,43.75,40.52,256617.38595754353
33308.0,1,15,2016-11,429000.0,330627.09,41.62,86.87,40.88,47.43,87.37,46.68,41.89,283920.7455375288
99501.0,1,3,2012-02,229950.0,335684.41,14.28,82.89,14.38,18.91,82.74,19.02,20.37,241760.25559312152
10010.0,1,35,2017-07,2700000.0,333067.69,36.75,81.64,37.58,42.74,82.02,43.57,44.51,2398616.716765354
28467.0,0,36,2011-03,175000.0,337186.19,3.34,91.53,2.48,7.78,91.31,6.92,9.0,166030.8302490813
29407.0,0,23,2017-02,299950.0,335132.41,34.62,82.1,34.12,40.48,82.05,39.98,41.66,320848.2299515454
19702.0,0,11,2014-03,215250.0,335904.81,22.85,87.09,22.77,28.0,86.95,27.92,30.11,196492.37625787265
21401.0,0,28,2011-06,439900.0,335755.41,6.28,83.36,5.37,10.77,83.3,9.86,13.64,431192.6084588214
77020.0,0,27,2017-01,135500.0,334827.59,33.94,81.16,34.55,39.77,81.15,40.38,41.39,146545.76160190938
11214.0,1,33,2017-05,638500.0,336082.81,30.03,82.17,32.87,35.98,82.17,38.81,42.83,635308.319232868
77062.0,0,26,2015-05,194000.0,335113.91,27.02,89.37,28.55,32.49,89.43,34.0,37.82,195883.85870914673
33062.0,1,16,2010-07,259950.0,336201.91,10.64,81.92,10.02,14.92,82.0,14.31,15.38,305756.410224214
10010.0,1,35,2017-02,2676500.0,335132.41,34.62,82.1,34.12,40.48,82.05,39.98,41.66,2397358.4389253454
19904.0,0,10,2015-02,189900.0,338376.5,29.39,87.66,29.92,34.74,87.73,35.28,36.73,213506.05803669384
23661.0,1,38,2011-01,124950.0,337258.41,4.02,91.83,4.99,8.4,91.72,9.37,10.03,129258.42800031355
32226.0,1,17,2016-06,229900.0,334297.81,33.78,92.81,33.41,39.44,92.74,39.11,43.13,188898.73548094757
19702.0,0,11,2015-10,229900.0,330283.91,45.31,105.73,45.02,50.85,106.3,50.57,45.3,238350.0432338484
99508.0,0,3,2016-07,235000.0,334806.31,35.35,90.1,35.05,41.08,90.16,40.79,43.64,295235.1958714196
94014.0,0,4,2017-07,793500.0,333067.69,36.75,81.64,37.58,42.74,82.02,43.57,44.51,710902.7011254821
19968.0,1,8,2015-12,290000.0,334989.5,41.5,104.33,40.67,47.06,104.88,46.24,44.23,247659.53855531468
33308.0,1,15,2017-03,420000.0,334131.81,35.83,87.94,34.9,41.7,87.69,40.79,43.1,280500.35647947696
21237.0,0,30,2011-09,199900.0,332555.59,15.98,88.9,15.45,20.53,89.29,20.01,15.75,190739.54171814665
77062.0,0,26,2014-09,185000.0,328248.59,30.57,87.45,29.98,35.86,88.04,35.26,30.69,202499.83011452138
36576.0,0,1,2015-06,180500.0,335841.31,31.15,91.24,30.98,36.6,91.22,36.44,40.32,281814.2111347861
33130.0,0,14,2015-11,429000.0,331748.31,44.24,106.84,44.11,49.8,107.34,49.66,45.36,472029.41692420957
99508.0,0,3,2016-10,224900.0,332695.31,38.4,88.32,39.66,44.19,88.83,45.45,40.31,300919.34031829075
21220.0,1,30,2016-01,210000.0,334690.41,34.63,99.75,38.42,40.19,100.02,43.99,44.09,185385.15248090064
29407.0,0,23,2017-06,320000.0,334922.41,34.27,82.66,34.23,40.2,83.08,40.19,43.57,320195.95108059305
23502.0,0,37,2012-09,165000.0,331942.41,24.97,87.01,24.24,29.77,87.39,29.03,25.48,217425.67589602715
29577.0,1,24,2015-12,148999.0,334989.5,41.5,104.33,40.67,47.06,104.88,46.24,44.23,159279.00564913763
19963.0,1,9,2010-07,199900.0,336201.91,10.64,81.92,10.02,14.92,82.0,14.31,15.38,193045.47484906556
21237.0,0,30,2012-04,184450.0,332401.41,12.04,88.15,12.73,16.71,87.79,17.42,20.11,183396.7452851393
21060.0,0,29,2014-11,272945.0,333215.59,28.6,88.56,29.1,33.9,89.07,34.41,30.66,301688.9452358621
36532.0,1,1,2013-09,260000.0,330502.09,24.58,86.94,24.64,29.63,87.11,29.69,24.72,242251.2472384756
29566.0,0,25,2016-12,179800.0,336391.59,44.82,84.89,40.95,50.64,85.11,46.76,44.02,239911.9108527815
19702.0,0,11,2016-11,199450.0,330627.09,41.62,86.87,40.88,47.43,87.37,46.68,41.89,231473.1602800928
19947.0,0,8,2010-11,199000.0,334243.0,10.15,88.19,9.22,14.5,88.34,13.57,10.08,238090.4363668047
36576.0,0,1,2015-12,179900.0,334989.5,41.5,104.33,40.67,47.06,104.88,46.24,44.23,301103.02917580784
93109.0,1,6,2016-09,1349000.0,328624.91,39.43,88.16,37.97,45.21,88.7,43.75,40.52,3025772.2862156653
77058.0,1,26,2017-04,213900.0,332204.5,34.36,85.64,33.88,40.3,85.58,39.8,43.1,169795.23022025573
94014.0,0,4,2016-02,680000.0,334459.09,36.9,98.31,39.11,42.46,98.51,44.7,45.97,711182.2492130332
21122.0,1,29,2016-12,289900.0,336391.59,44.82,84.89,40.95,50.64,85.11,46.76,44.02,278834.8920118518
21237.0,0,30,2016-12,214900.0,336391.59,44.82,84.89,40.95,50.64,85.11,46.76,44.02,244487.32068462664
10305.0,1,31,2015-06,404450.0,335841.31,31.15,91.24,30.98,36.6,91.22,36.44,40.32,416502.13933490147
70116.0,0,21,2016-07,475000.0,334806.31,35.35,90.1,35.05,41.08,90.16,40.79,43.64,240306.0757843448
21401.0,0,28,2010-04,500000.0,335204.0,7.44,84.6,7.51,11.65,84.26,11.73,14.99,433354.4470025495
33129.0,1,13,2015-04,487450.0,336179.09,29.89,90.77,29.58,35.32,90.78,35.0,37.85,419029.7114661658
29407.0,0,23,2014-02,219500.0,338113.59,24.61,83.87,23.5,29.73,83.75,28.62,30.22,302193.05424230604
23518.0,1,37,2010-03,239950.0,335680.31,7.35,86.05,8.53,11.56,85.81,12.72,15.0,179201.62974045807
33309.0,0,15,2015-10,139900.0,330283.91,45.31,105.73,45.02,50.85,106.3,50.57,45.3,339806.82617858786
23661.0,1,38,2017-09,139900.0,333942.19,45.5,86.53,44.07,51.54,87.08,50.1,45.28,153762.35513813567
77504.0,0,7,2017-02,186000.0,335132.41,34.62,82.1,34.12,40.48,82.05,39.98,41.66,229705.22501593805
21220.0,1,30,2017-09,234700.0,333942.19,45.5,86.53,44.07,51.54,87.08,50.1,45.28,191806.5046503347
29579.0,0,24,2012-08,149900.0,331282.41,22.0,83.78,21.57,26.75,84.01,26.35,25.98,171794.20237715982
33131.0,1,14,2012-11,450000.0,334026.69,26.73,84.6,26.94,31.54,84.96,31.75,27.13,409341.31590968615
77504.0,0,7,2017-04,174950.0,332204.5,34.36,85.64,33.88,40.3,85.58,39.8,43.1,229220.67499751627
70119.0,0,20,2017-09,294900.0,333942.19,45.5,86.53,44.07,51.54,87.08,50.1,45.28,294173.13283696084
96771.0,0,18,2014-10,217400.0,330350.59,33.92,87.53,30.88,39.2,88.09,36.18,30.96,216114.1113296859
19960.0,0,9,2015-10,232900.0,330283.91,45.31,105.73,45.02,50.85,106.3,50.57,45.3,267232.7045433967
23666.0,0,38,2011-08,174300.0,329602.81,13.82,83.42,12.2,18.37,83.56,16.75,15.4,148669.89974521258
19960.0,0,9,2014-03,217900.0,335904.81,22.85,87.09,22.77,28.0,86.95,27.92,30.11,225375.03756742098
19960.0,0,9,2013-08,221400.0,332255.0,21.28,83.97,21.8,26.35,84.21,26.84,24.1,222449.1009177201
33131.0,1,14,2016-04,480000.0,335285.81,37.36,96.32,37.09,43.01,96.17,42.75,45.33,415620.89029433054
36605.0,1,2,2017-05,68450.0,336082.81,30.03,82.17,32.87,35.98,82.17,38.81,42.83,61829.14536231094
21401.0,0,28,2014-04,474900.0,334425.31,19.01,84.18,19.65,24.2,84.08,24.83,27.97,454916.9228223197
93950.0,1,5,2017-05,874944.0,336082.81,30.03,82.17,32.87,35.98,82.17,38.81,42.83,751659.6624875076
33145.0,0,13,2014-07,319500.0,333016.19,24.93,80.02,24.31,30.17,80.14,29.55,30.97,443863.9145102207
10306.0,0,32,2016-07,479000.0,334806.31,35.35,90.1,35.05,41.08,90.16,40.79,43.64,455307.4963642917
70126.0,1,21,2013-11,112000.0,334475.81,25.88,83.02,25.08,30.95,83.35,30.16,27.03,193683.7284375495
36576.0,0,1,2014-07,173000.0,333016.19,24.93,80.02,24.31,30.17,80.14,29.55,30.97,270222.2837710029
21237.0,0,30,2013-07,175000.0,331324.59,20.72,83.01,19.22,25.76,83.09,24.25,24.83,199573.2612847595
33308.0,1,15,2017-01,419950.0,334827.59,33.94,81.16,34.55,39.77,81.15,40.38,41.39,279383.856424258
19968.0,1,8,2017-05,314862.5,336082.81,30.03,82.17,32.87,35.98,82.17,38.81,42.83,240883.7419239063
21237.0,0,30,2015-03,189450.0,335135.59,28.94,88.54,30.3,34.3,88.6,35.69,37.69,214892.4964825565
33062.0,1,16,2016-12,394500.0,336391.59,44.82,84.89,40.95,50.64,85.11,46.76,44.02,325947.929741349
23502.0,0,37,2012-07,159450.0,337024.81,15.83,82.51,17.98,20.6,82.57,22.74,25.34,200391.87909458377
